From	To
A0A087X1C5	CHEMBL3542437
A0A140G945	CHEMBL4296283
A0AVK6	CHEMBL4630726
A0AVT1	CHEMBL2321622
A1A4Y4	CHEMBL5169093
A1L3X0	CHEMBL5169094
A1Z1Q3	CHEMBL4295630
A4D0S4	CHEMBL2364187
A4D1B5	CHEMBL3638343
A4QPH2	CHEMBL4105789
A5LHX3	CHEMBL2364701
A5LHX3	CHEMBL3831201
A5PKW4	CHEMBL4523105
A5X5Y0	CHEMBL4296087
A5YKK6	CHEMBL4105919
A6NCN2	CHEMBL4523107
A6NHL2	CHEMBL3832941
A6NMY6	CHEMBL4295633
A6NMZ7	CHEMBL2364188
A6NNY8	CHEMBL4630801
A6NNZ2	CHEMBL3832942
A7E2Y1	CHEMBL3831286
A7MCY6	CHEMBL4523108
A8K7I4	CHEMBL2364708
A8MPY1	CHEMBL2109242
A8MYU2	CHEMBL4524132
A8TX70	CHEMBL2364188
B2RXH2	CHEMBL1293226
O00115	CHEMBL1250342
O00116	CHEMBL4295643
O00141	CHEMBL2343
O00142	CHEMBL4580
O00144	CHEMBL4523116
O00148	CHEMBL4105795
O00155	CHEMBL4523858
O00165	CHEMBL4295644
O00167	CHEMBL1293275
O00170	CHEMBL4295645
O00182	CHEMBL5474
O00187	CHEMBL4295646
O00204	CHEMBL1743297
O00206	CHEMBL5255
O00214	CHEMBL5475
O00217	CHEMBL2363065
O00220	CHEMBL3551
O00221	CHEMBL3407
O00222	CHEMBL3228
O00231	CHEMBL3831212
O00232	CHEMBL2364701
O00238	CHEMBL5476
O00254	CHEMBL5477
O00255	CHEMBL1615381
O00257	CHEMBL3232685
O00264	CHEMBL4105706
O00270	CHEMBL4523859
O00303	CHEMBL2062352
O00305	CHEMBL2363032
O00311	CHEMBL5443
O00329	CHEMBL3130
O00337	CHEMBL5551
O00338	CHEMBL1743295
O00391	CHEMBL4523117
O00398	CHEMBL3562166
O00400	CHEMBL3638338
O00408	CHEMBL2652
O00410	CHEMBL4295647
O00411	CHEMBL3120041
O00418	CHEMBL5026
O00421	CHEMBL2321627
O00429	CHEMBL4523118
O00443	CHEMBL1075102
O00444	CHEMBL3788
O00459	CHEMBL4437
O00462	CHEMBL3903
O00468	CHEMBL4295648
O00470	CHEMBL4879409
O00481	CHEMBL4105758
O00482	CHEMBL3544
O00483	CHEMBL2317
O00487	CHEMBL2007629
O00505	CHEMBL4523119
O00506	CHEMBL5552
O00512	CHEMBL3712821
O00519	CHEMBL2243
O00555	CHEMBL4266
O00560	CHEMBL4739667
O00562	CHEMBL1764937
O00571	CHEMBL5553
O00574	CHEMBL5994
O00590	CHEMBL4105988
O00591	CHEMBL2093872
O00624	CHEMBL3769300
O00625	CHEMBL2010627
O00626	CHEMBL4295649
O00716	CHEMBL4630726
O00743	CHEMBL4105731
O00746	CHEMBL4488
O00748	CHEMBL3180
O00750	CHEMBL5554
O00754	CHEMBL4059
O00762	CHEMBL4105834
O00763	CHEMBL4829
O00764	CHEMBL1075181
O00767	CHEMBL5555
O14519	CHEMBL5578
O14561	CHEMBL2363065
O14578	CHEMBL5579
O14626	CHEMBL4523860
O14638	CHEMBL5580
O14640	CHEMBL6027
O14641	CHEMBL1255125
O14646	CHEMBL4523123
O14649	CHEMBL2321613
O14672	CHEMBL5028
O14684	CHEMBL5658
O14686	CHEMBL2189114
O14717	CHEMBL4523124
O14727	CHEMBL1795093
O14730	CHEMBL5659
O14733	CHEMBL3530
O14744	CHEMBL1795116
O14745	CHEMBL4523125
O14746	CHEMBL2916
O14757	CHEMBL4630
O14763	CHEMBL1075153
O14764	CHEMBL3591
O14777	CHEMBL5660
O14782	CHEMBL1075196
O14786	CHEMBL5174
O14788	CHEMBL2364162
O14791	CHEMBL4680021
O14793	CHEMBL3407325
O14802	CHEMBL4665582
O14804	CHEMBL3714046
O14815	CHEMBL4523126
O14818	CHEMBL2364701
O14818	CHEMBL3831201
O14842	CHEMBL4422
O14843	CHEMBL5201
O14862	CHEMBL4630802
O14867	CHEMBL4295651
O14874	CHEMBL4879410
O14880	CHEMBL1743186
O14894	CHEMBL4523127
O14920	CHEMBL1991
O14924	CHEMBL1293276
O14929	CHEMBL4523128
O14936	CHEMBL1908381
O14939	CHEMBL2734
O14944	CHEMBL4662939
O14950	CHEMBL4295652
O14965	CHEMBL4722
O14966	CHEMBL3879836
O14967	CHEMBL4295653
O14975	CHEMBL4326
O14976	CHEMBL4355
O14980	CHEMBL5661
O14983	CHEMBL3136
O14986	CHEMBL4802064
O15016	CHEMBL4296267
O15021	CHEMBL2417351
O15027	CHEMBL4295654
O15047	CHEMBL4105954
O15054	CHEMBL1938211
O15055	CHEMBL3751648
O15056	CHEMBL4523129
O15066	CHEMBL6109
O15067	CHEMBL4295655
O15068	CHEMBL4524032
O15075	CHEMBL5683
O15084	CHEMBL4105921
O15085	CHEMBL4523642
O15111	CHEMBL3476
O15118	CHEMBL1293277
O15120	CHEMBL4772
O15121	CHEMBL2021749
O15123	CHEMBL3580489
O15143	CHEMBL4295656
O15144	CHEMBL4295657
O15146	CHEMBL5684
O15151	CHEMBL1255126
O15164	CHEMBL3108638
O15169	CHEMBL1255127
O15197	CHEMBL5836
O15217	CHEMBL4933
O15218	CHEMBL4356
O15226	CHEMBL3163
O15228	CHEMBL4494
O15229	CHEMBL2145
O15230	CHEMBL2364187
O15239	CHEMBL2363065
O15244	CHEMBL1743122
O15245	CHEMBL5685
O15254	CHEMBL4105817
O15264	CHEMBL2939
O15269	CHEMBL1250343
O15270	CHEMBL1250344
O15294	CHEMBL5955
O15296	CHEMBL2457
O15297	CHEMBL1938224
O15303	CHEMBL4573
O15305	CHEMBL1741162
O15354	CHEMBL4523862
O15355	CHEMBL3351199
O15357	CHEMBL2331064
O15379	CHEMBL1829
O15382	CHEMBL3616354
O15392	CHEMBL5989
O15393	CHEMBL1795140
O15399	CHEMBL2591
O15427	CHEMBL2073663
O15438	CHEMBL5918
O15439	CHEMBL1743128
O15440	CHEMBL2046258
O15455	CHEMBL1075113
O15460	CHEMBL5640
O15492	CHEMBL3707469
O15496	CHEMBL4342
O15503	CHEMBL4739841
O15511	CHEMBL4295658
O15519	CHEMBL1955713
O15527	CHEMBL3396944
O15528	CHEMBL5993
O15530	CHEMBL2534
O15540	CHEMBL3826863
O15547	CHEMBL2670
O15550	CHEMBL2069164
O15552	CHEMBL5493
O15554	CHEMBL4305
O43143	CHEMBL4295661
O43148	CHEMBL4295662
O43151	CHEMBL4879414
O43167	CHEMBL5069371
O43169	CHEMBL4523134
O43174	CHEMBL5141
O43175	CHEMBL2311243
O43181	CHEMBL2363065
O43184	CHEMBL5030
O43187	CHEMBL4105759
O43193	CHEMBL2203
O43194	CHEMBL3091266
O43242	CHEMBL2364701
O43280	CHEMBL3087
O43283	CHEMBL1163124
O43293	CHEMBL2468
O43298	CHEMBL5069369
O43306	CHEMBL2097167
O43314	CHEMBL4523135
O43318	CHEMBL5776
O43353	CHEMBL5014
O43396	CHEMBL4295663
O43424	CHEMBL4524129
O43426	CHEMBL4523136
O43451	CHEMBL2074
O43463	CHEMBL1795118
O43464	CHEMBL4523137
O43497	CHEMBL4641
O43508	CHEMBL3713023
O43511	CHEMBL4523138
O43521	CHEMBL5777
O43524	CHEMBL5778
O43525	CHEMBL2684
O43526	CHEMBL2476
O43557	CHEMBL3712914
O43561	CHEMBL5779
O43570	CHEMBL3242
O43592	CHEMBL4105803
O43598	CHEMBL3351218
O43603	CHEMBL3176
O43613	CHEMBL5113
O43614	CHEMBL4792
O43653	CHEMBL3712961
O43674	CHEMBL2363065
O43676	CHEMBL2363065
O43677	CHEMBL2363065
O43678	CHEMBL2363065
O43683	CHEMBL1772932
O43704	CHEMBL1743294
O43708	CHEMBL4949
O43734	CHEMBL4523586
O43739	CHEMBL3259466
O43741	CHEMBL2117
O43772	CHEMBL2216740
O43781	CHEMBL4575
O43790	CHEMBL4523139
O43791	CHEMBL4523140
O43826	CHEMBL3217398
O43829	CHEMBL5069377
O43865	CHEMBL3751646
O43868	CHEMBL5780
O43895	CHEMBL4610
O43897	CHEMBL4295664
O43920	CHEMBL2363065
O43921	CHEMBL1795109
O43924	CHEMBL3860
O60218	CHEMBL5983
O60232	CHEMBL4105996
O60235	CHEMBL1795138
O60240	CHEMBL1741164
O60256	CHEMBL2646
O60259	CHEMBL4812
O60266	CHEMBL3164
O60282	CHEMBL2029194
O60285	CHEMBL5784
O60307	CHEMBL2417352
O60313	CHEMBL4105705
O60331	CHEMBL1908383
O60333	CHEMBL5889
O60341	CHEMBL6136
O60346	CHEMBL3414405
O60359	CHEMBL2363032
O60361	CHEMBL4105936
O60391	CHEMBL2094124
O60427	CHEMBL5840
O60449	CHEMBL4804258
O60462	CHEMBL4295667
O60488	CHEMBL4680022
O60502	CHEMBL5921
O60503	CHEMBL2655
O60506	CHEMBL4295997
O60547	CHEMBL4105807
O60551	CHEMBL2849
O60563	CHEMBL2108
O60566	CHEMBL4295998
O60583	CHEMBL1293321
O60602	CHEMBL2176839
O60603	CHEMBL4163
O60610	CHEMBL4295668
O60656	CHEMBL1743319
O60658	CHEMBL4640
O60664	CHEMBL4523145
O60669	CHEMBL2073704
O60671	CHEMBL3309116
O60674	CHEMBL2971
O60675	CHEMBL2346484
O60678	CHEMBL5891
O60704	CHEMBL3178
O60706	CHEMBL1971
O60725	CHEMBL4699
O60733	CHEMBL3213
O60741	CHEMBL1795171
O60755	CHEMBL2731
O60760	CHEMBL5879
O60763	CHEMBL4295669
O60779	CHEMBL3079
O60825	CHEMBL3421525
O60840	CHEMBL2363032
O60841	CHEMBL4105852
O60869	CHEMBL4295670
O60880	CHEMBL2321636
O60882	CHEMBL1938226
O60883	CHEMBL5892
O60884	CHEMBL4295671
O60885	CHEMBL1163125
O60894	CHEMBL2107838
O60894	CHEMBL2111189
O60895	CHEMBL2109232
O60895	CHEMBL2364173
O60896	CHEMBL2111190
O60896	CHEMBL2111191
O60906	CHEMBL4712
O60911	CHEMBL3272
O60928	CHEMBL2146349
O60930	CHEMBL5893
O60931	CHEMBL4630803
O60934	CHEMBL5169101
O60939	CHEMBL5446
O75015	CHEMBL5842
O75030	CHEMBL1741165
O75084	CHEMBL3559688
O75106	CHEMBL4112
O75116	CHEMBL2973
O75144	CHEMBL3712949
O75151	CHEMBL4295672
O75153	CHEMBL4295673
O75164	CHEMBL5896
O75170	CHEMBL4105960
O75173	CHEMBL2318
O75175	CHEMBL4105769
O75190	CHEMBL4295674
O75197	CHEMBL4295675
O75251	CHEMBL2363065
O75306	CHEMBL3039
O75310	CHEMBL4523985
O75311	CHEMBL1075092
O75330	CHEMBL4295676
O75340	CHEMBL4105994
O75343	CHEMBL2111348
O75351	CHEMBL2311229
O75355	CHEMBL5897
O75356	CHEMBL4523151
O75365	CHEMBL4162
O75369	CHEMBL4295677
O75376	CHEMBL3038484
O75380	CHEMBL2363065
O75381	CHEMBL4523152
O75385	CHEMBL6006
O75387	CHEMBL4148
O75388	CHEMBL4523863
O75390	CHEMBL4295678
O75396	CHEMBL4295679
O75417	CHEMBL6025
O75419	CHEMBL3040
O75438	CHEMBL2363065
O75449	CHEMBL3879856
O75460	CHEMBL1163101
O75461	CHEMBL4630726
O75469	CHEMBL3401
O75475	CHEMBL3988590
O75489	CHEMBL2363065
O75493	CHEMBL2420
O75496	CHEMBL1293278
O75530	CHEMBL2189117
O75533	CHEMBL1229013
O75578	CHEMBL5882
O75581	CHEMBL3745588
O75582	CHEMBL4237
O75604	CHEMBL1293227
O75608	CHEMBL1681631
O75626	CHEMBL5214860
O75643	CHEMBL4105972
O75676	CHEMBL3125
O75688	CHEMBL2845
O75694	CHEMBL4295680
O75716	CHEMBL3938
O75717	CHEMBL4295681
O75747	CHEMBL1163120
O75751	CHEMBL2073673
O75762	CHEMBL6007
O75795	CHEMBL4978
O75807	CHEMBL4630805
O75828	CHEMBL6008
O75832	CHEMBL2331054
O75844	CHEMBL3739253
O75845	CHEMBL3509588
O75874	CHEMBL2007625
O75884	CHEMBL1075121
O75888	CHEMBL3713436
O75897	CHEMBL1743296
O75899	CHEMBL5034
O75907	CHEMBL6009
O75908	CHEMBL4465
O75909	CHEMBL2346490
O75914	CHEMBL2999
O75936	CHEMBL2163175
O75940	CHEMBL4105959
O75955	CHEMBL5209841
O75956	CHEMBL6010
O75962	CHEMBL4523153
O75976	CHEMBL4523154
O76021	CHEMBL1075139
O76031	CHEMBL3797014
O76039	CHEMBL1163112
O76062	CHEMBL5839
O76074	CHEMBL1827
O76082	CHEMBL2073693
O76083	CHEMBL3535
O94759	CHEMBL1250402
O94760	CHEMBL6036
O94768	CHEMBL3980
O94782	CHEMBL1795087
O94788	CHEMBL3112384
O94804	CHEMBL3981
O94806	CHEMBL2595
O94905	CHEMBL4739672
O94907	CHEMBL6024
O94921	CHEMBL6162
O94925	CHEMBL2146302
O94953	CHEMBL3313832
O94956	CHEMBL1743124
O94966	CHEMBL4523156
O94992	CHEMBL3120044
O95050	CHEMBL2131
O95067	CHEMBL2094127
O95069	CHEMBL2321615
O95136	CHEMBL2955
O95139	CHEMBL2363065
O95140	CHEMBL4630807
O95147	CHEMBL1764941
O95149	CHEMBL3885569
O95153	CHEMBL5169104
O95166	CHEMBL4879423
O95167	CHEMBL2363065
O95168	CHEMBL2363065
O95169	CHEMBL2363065
O95178	CHEMBL2363065
O95180	CHEMBL1859
O95182	CHEMBL2363065
O95235	CHEMBL2021753
O95237	CHEMBL2202
O95239	CHEMBL6163
O95251	CHEMBL3774299
O95255	CHEMBL2073661
O95256	CHEMBL4804253
O95259	CHEMBL3841
O95263	CHEMBL4408
O95264	CHEMBL3895
O95267	CHEMBL5953
O95271	CHEMBL6164
O95279	CHEMBL4523157
O95298	CHEMBL2363065
O95299	CHEMBL2363065
O95340	CHEMBL4105790
O95342	CHEMBL6020
O95347	CHEMBL4105890
O95352	CHEMBL2321621
O95363	CHEMBL2511
O95365	CHEMBL5069375
O95372	CHEMBL1932891
O95382	CHEMBL1163123
O95393	CHEMBL3713453
O95396	CHEMBL4295684
O95398	CHEMBL2029197
O95433	CHEMBL3309113
O95436	CHEMBL4295685
O95453	CHEMBL3616362
O95456	CHEMBL3885624
O95461	CHEMBL2146300
O95470	CHEMBL3286061
O95477	CHEMBL2362986
O95497	CHEMBL4739843
O95503	CHEMBL3779762
O95544	CHEMBL6177
O95551	CHEMBL2169736
O95563	CHEMBL4295686
O95573	CHEMBL4680023
O95602	CHEMBL3286067
O95619	CHEMBL4296266
O95622	CHEMBL3189
O95625	CHEMBL5069363
O95628	CHEMBL4105770
O95630	CHEMBL4105848
O95631	CHEMBL1741307
O95644	CHEMBL3876
O95665	CHEMBL2514
O95696	CHEMBL2176774
O95718	CHEMBL3751
O95747	CHEMBL1163104
O95749	CHEMBL4769
O95760	CHEMBL4630890
O95782	CHEMBL4295687
O95785	CHEMBL4879424
O95800	CHEMBL4523861
O95819	CHEMBL6166
O95822	CHEMBL4698
O95831	CHEMBL4295688
O95835	CHEMBL6167
O95838	CHEMBL5844
O95848	CHEMBL4105943
O95864	CHEMBL6097
O95870	CHEMBL6168
O95907	CHEMBL3308921
O95931	CHEMBL1764946
O95932	CHEMBL2079852
O95977	CHEMBL3230
O95989	CHEMBL4295689
O96000	CHEMBL2363065
O96008	CHEMBL4523158
O96013	CHEMBL4482
O96017	CHEMBL2527
O96020	CHEMBL2094126
O96020	CHEMBL4523633
O96020	CHEMBL4523635
O96028	CHEMBL3108645
P00167	CHEMBL6170
P00325	CHEMBL3284
P00326	CHEMBL3285
P00338	CHEMBL4835
P00352	CHEMBL3577
P00374	CHEMBL202
P00387	CHEMBL2146
P00390	CHEMBL2755
P00395	CHEMBL6173
P00403	CHEMBL6174
P00439	CHEMBL3076
P00441	CHEMBL2354
P00451	CHEMBL3143
P00480	CHEMBL2222
P00488	CHEMBL4530
P00491	CHEMBL4338
P00492	CHEMBL2360
P00505	CHEMBL4524033
P00519	CHEMBL1862
P00533	CHEMBL203
P00540	CHEMBL1075184
P00558	CHEMBL2886
P00568	CHEMBL4925
P00734	CHEMBL204
P00736	CHEMBL4611
P00740	CHEMBL2016
P00742	CHEMBL244
P00746	CHEMBL2176771
P00747	CHEMBL1801
P00748	CHEMBL2821
P00749	CHEMBL3286
P00750	CHEMBL1873
P00751	CHEMBL5731
P00797	CHEMBL286
P00813	CHEMBL1910
P00915	CHEMBL261
P00918	CHEMBL205
P01008	CHEMBL1950
P01011	CHEMBL5960
P01019	CHEMBL3596085
P01023	CHEMBL4295690
P01024	CHEMBL4917
P01031	CHEMBL2364163
P01100	CHEMBL5029
P01106	CHEMBL1250348
P01111	CHEMBL2079845
P01112	CHEMBL2167
P01116	CHEMBL2189121
P01127	CHEMBL3108633
P01130	CHEMBL3311
P01133	CHEMBL5734
P01135	CHEMBL4662938
P01137	CHEMBL1795178
P01138	CHEMBL1649058
P01160	CHEMBL1293193
P01178	CHEMBL5169107
P01213	CHEMBL2227
P01215	CHEMBL2146305
P01275	CHEMBL5736
P01282	CHEMBL5737
P01308	CHEMBL5881
P01344	CHEMBL3712957
P01374	CHEMBL2059
P01375	CHEMBL1825
P01562	CHEMBL3713007
P01563	CHEMBL3856161
P01566	CHEMBL3856161
P01567	CHEMBL3856161
P01568	CHEMBL3856161
P01569	CHEMBL3856161
P01570	CHEMBL3856161
P01571	CHEMBL3856161
P01574	CHEMBL4630876
P01579	CHEMBL3286073
P01583	CHEMBL3580496
P01584	CHEMBL1909490
P01588	CHEMBL5837
P01589	CHEMBL1778
P01721	CHEMBL4739844
P01730	CHEMBL2754
P01833	CHEMBL4295691
P01848	CHEMBL3580506
P01854	CHEMBL1834
P01909	CHEMBL4105884
P01911	CHEMBL3831291
P02144	CHEMBL2406892
P02452	CHEMBL2364188
P02458	CHEMBL5169108
P02461	CHEMBL2364188
P02462	CHEMBL2364188
P02489	CHEMBL4296283
P02511	CHEMBL3621022
P02545	CHEMBL1293235
P02585	CHEMBL3831282
P02647	CHEMBL5984
P02656	CHEMBL4523160
P02671	CHEMBL2364709
P02675	CHEMBL2048
P02679	CHEMBL2364709
P02689	CHEMBL3826864
P02708	CHEMBL4808
P02724	CHEMBL5806
P02743	CHEMBL4929
P02748	CHEMBL4295693
P02751	CHEMBL3810
P02753	CHEMBL3100
P02763	CHEMBL4285
P02765	CHEMBL4295694
P02766	CHEMBL3194
P02768	CHEMBL3253
P02771	CHEMBL3712864
P02774	CHEMBL2259
P02776	CHEMBL3286075
P02778	CHEMBL3712964
P02786	CHEMBL3712860
P02787	CHEMBL4865
P02788	CHEMBL4523161
P03372	CHEMBL206
P03886	CHEMBL2363065
P03891	CHEMBL2363065
P03897	CHEMBL2363065
P03901	CHEMBL2363065
P03905	CHEMBL4499
P03915	CHEMBL2363065
P03923	CHEMBL2363065
P03950	CHEMBL5829
P03951	CHEMBL2820
P03952	CHEMBL2000
P03956	CHEMBL332
P03979	CHEMBL3580506
P04000	CHEMBL1949482
P04004	CHEMBL1075314
P04035	CHEMBL402
P04040	CHEMBL3627594
P04049	CHEMBL1906
P04053	CHEMBL4810
P04054	CHEMBL4426
P04062	CHEMBL2179
P04066	CHEMBL4176
P04070	CHEMBL4444
P04075	CHEMBL2106
P04085	CHEMBL3137294
P04114	CHEMBL4549
P04141	CHEMBL3712955
P04150	CHEMBL2034
P04156	CHEMBL4869
P04179	CHEMBL4105776
P04180	CHEMBL5942
P04181	CHEMBL5954
P04183	CHEMBL2883
P04198	CHEMBL4523165
P04201	CHEMBL3559701
P04233	CHEMBL4692
P04234	CHEMBL2364168
P04271	CHEMBL4300
P04275	CHEMBL2021748
P04278	CHEMBL3305
P04350	CHEMBL3838
P04406	CHEMBL2284
P04435	CHEMBL3580506
P04437	CHEMBL3580506
P04439	CHEMBL2632
P04626	CHEMBL1824
P04629	CHEMBL2815
P04632	CHEMBL2111357
P04637	CHEMBL4096
P04746	CHEMBL2045
P04792	CHEMBL5976
P04798	CHEMBL2231
P04818	CHEMBL1952
P04839	CHEMBL1287627
P04843	CHEMBL4295697
P04899	CHEMBL4105887
P05013	CHEMBL3856161
P05014	CHEMBL3856161
P05015	CHEMBL3856161
P05019	CHEMBL3217394
P05023	CHEMBL1807
P05026	CHEMBL2095186
P05067	CHEMBL2487
P05089	CHEMBL1075097
P05091	CHEMBL1935
P05093	CHEMBL3522
P05106	CHEMBL1907598
P05106	CHEMBL2093869
P05106	CHEMBL2111461
P05106	CHEMBL3883284
P05106	CHEMBL4106150
P05107	CHEMBL3631
P05108	CHEMBL2033
P05111	CHEMBL5169109
P05112	CHEMBL3712894
P05113	CHEMBL1169600
P05121	CHEMBL3475
P05129	CHEMBL2938
P05141	CHEMBL3709670
P05160	CHEMBL3351193
P05162	CHEMBL5977
P05164	CHEMBL2439
P05177	CHEMBL3356
P05181	CHEMBL5281
P05186	CHEMBL5979
P05187	CHEMBL4458
P05198	CHEMBL1255131
P05230	CHEMBL2120
P05231	CHEMBL1795129
P05362	CHEMBL3070
P05387	CHEMBL4295698
P05412	CHEMBL4977
P05413	CHEMBL3344
P05455	CHEMBL2040701
P05543	CHEMBL3843
P05556	CHEMBL1905
P05771	CHEMBL3045
P05981	CHEMBL2079849
P05997	CHEMBL2364188
P06127	CHEMBL3712888
P06132	CHEMBL1681619
P06133	CHEMBL6196
P06213	CHEMBL1981
P06239	CHEMBL258
P06241	CHEMBL1841
P06276	CHEMBL1914
P06280	CHEMBL2524
P06307	CHEMBL1649050
P06396	CHEMBL4295700
P06400	CHEMBL5288
P06401	CHEMBL208
P06493	CHEMBL308
P06576	CHEMBL2062350
P06681	CHEMBL4295701
P06702	CHEMBL4296265
P06729	CHEMBL2040
P06730	CHEMBL4848
P06731	CHEMBL3712881
P06732	CHEMBL2656
P06733	CHEMBL3298
P06734	CHEMBL2940
P06737	CHEMBL2568
P06744	CHEMBL4295702
P06746	CHEMBL2392
P06748	CHEMBL5178
P06753	CHEMBL3804747
P06756	CHEMBL3660
P06858	CHEMBL2060
P06865	CHEMBL1250415
P06870	CHEMBL2319
P07098	CHEMBL1796
P07099	CHEMBL1968
P07101	CHEMBL1969
P07148	CHEMBL5421
P07195	CHEMBL4940
P07202	CHEMBL1839
P07205	CHEMBL2096677
P07237	CHEMBL5422
P07288	CHEMBL2099
P07305	CHEMBL3707465
P07306	CHEMBL2084
P07315	CHEMBL4296285
P07320	CHEMBL4296286
P07327	CHEMBL1970
P07332	CHEMBL5455
P07333	CHEMBL1844
P07339	CHEMBL2581
P07355	CHEMBL1764938
P07359	CHEMBL4630891
P07384	CHEMBL3891
P07437	CHEMBL5444
P07451	CHEMBL2885
P07477	CHEMBL209
P07478	CHEMBL3159
P07498	CHEMBL3621024
P07510	CHEMBL1907588
P07550	CHEMBL210
P07602	CHEMBL3580523
P07686	CHEMBL5877
P07711	CHEMBL3837
P07738	CHEMBL5169112
P07741	CHEMBL4105819
P07766	CHEMBL1975
P07814	CHEMBL3873
P07858	CHEMBL4072
P07900	CHEMBL3880
P07910	CHEMBL2216742
P07942	CHEMBL2364187
P07947	CHEMBL2073
P07948	CHEMBL3905
P07949	CHEMBL2041
P07992	CHEMBL3883316
P07996	CHEMBL4630810
P07998	CHEMBL5425
P08034	CHEMBL4879427
P08047	CHEMBL6103
P08069	CHEMBL1957
P08100	CHEMBL4296308
P08123	CHEMBL2685
P08134	CHEMBL3883318
P08138	CHEMBL4762
P08151	CHEMBL5461
P08172	CHEMBL211
P08173	CHEMBL1821
P08174	CHEMBL4879428
P08183	CHEMBL4302
P08185	CHEMBL2421
P08235	CHEMBL1994
P08236	CHEMBL2728
P08237	CHEMBL3291
P08238	CHEMBL4303
P08240	CHEMBL4105934
P08243	CHEMBL3120
P08246	CHEMBL248
P08253	CHEMBL333
P08254	CHEMBL283
P08263	CHEMBL3409
P08294	CHEMBL2069159
P08311	CHEMBL4071
P08319	CHEMBL2990
P08397	CHEMBL3988601
P08473	CHEMBL1944
P08476	CHEMBL3588735
P08514	CHEMBL212
P08567	CHEMBL4523171
P08571	CHEMBL2384897
P08572	CHEMBL2364188
P08574	CHEMBL4105975
P08575	CHEMBL3243
P08581	CHEMBL3717
P08588	CHEMBL213
P08590	CHEMBL3831286
P08603	CHEMBL4629
P08620	CHEMBL3286072
P08631	CHEMBL3234
P08637	CHEMBL3856162
P08648	CHEMBL3955
P08670	CHEMBL3712854
P08684	CHEMBL340
P08686	CHEMBL2759
P08709	CHEMBL3991
P08754	CHEMBL4221
P08833	CHEMBL4178
P08842	CHEMBL3559
P08865	CHEMBL6119
P08887	CHEMBL2364155
P08908	CHEMBL214
P08912	CHEMBL2035
P08913	CHEMBL1867
P08922	CHEMBL5568
P08962	CHEMBL3713303
P09038	CHEMBL3107
P09086	CHEMBL3509582
P09132	CHEMBL4295704
P09172	CHEMBL3102
P09210	CHEMBL2241
P09211	CHEMBL3902
P09237	CHEMBL4073
P09238	CHEMBL4270
P09382	CHEMBL4915
P09417	CHEMBL3730
P09429	CHEMBL2311236
P09467	CHEMBL3975
P09471	CHEMBL4742
P09488	CHEMBL2081
P09493	CHEMBL4295705
P09496	CHEMBL4295706
P09544	CHEMBL1255132
P09601	CHEMBL2823
P09603	CHEMBL3989382
P09619	CHEMBL1913
P09651	CHEMBL1955709
P09668	CHEMBL2225
P09693	CHEMBL2364168
P09758	CHEMBL3856163
P09769	CHEMBL4454
P09848	CHEMBL1075131
P09871	CHEMBL3913
P09874	CHEMBL3105
P09884	CHEMBL1828
P09917	CHEMBL215
P09923	CHEMBL5573
P09936	CHEMBL6159
P09958	CHEMBL2611
P09960	CHEMBL4618
P09972	CHEMBL4295709
P0C0P6	CHEMBL3596086
P0C1S8	CHEMBL5095
P0C264	CHEMBL5116
P0C869	CHEMBL4136
P0C870	CHEMBL4879430
P0CG29	CHEMBL2142
P0CG47	CHEMBL4523178
P0CG48	CHEMBL4523179
P0DJD9	CHEMBL3295
P0DMM9	CHEMBL1743293
P0DMS8	CHEMBL256
P0DMS9	CHEMBL3712907
P0DMV8	CHEMBL5460
P0DMV9	CHEMBL3885585
P0DP23	CHEMBL6093
P0DP24	CHEMBL4296043
P0DPA2	CHEMBL5169113
P0DPD6	CHEMBL5890
P0DPH7	CHEMBL2095182
P0DPI2	CHEMBL5169114
P0DTE4	CHEMBL1743321
P0DTE5	CHEMBL4523985
P0DUB6	CHEMBL2478
P10070	CHEMBL5119
P10074	CHEMBL5069366
P10092	CHEMBL3713541
P10144	CHEMBL2316
P10145	CHEMBL2157
P10153	CHEMBL5120
P10242	CHEMBL5169115
P10253	CHEMBL2608
P10275	CHEMBL1871
P10276	CHEMBL2055
P10323	CHEMBL2738
P10398	CHEMBL1169596
P10415	CHEMBL4860
P10451	CHEMBL1741309
P10515	CHEMBL4523180
P10586	CHEMBL3521
P10588	CHEMBL1961791
P10589	CHEMBL1961789
P10599	CHEMBL2010624
P10600	CHEMBL3712903
P10619	CHEMBL6115
P10620	CHEMBL1743184
P10632	CHEMBL3721
P10635	CHEMBL289
P10636	CHEMBL1293224
P10644	CHEMBL4928
P10646	CHEMBL3713062
P10696	CHEMBL3402
P10721	CHEMBL1936
P10746	CHEMBL4433
P10747	CHEMBL5191
P10768	CHEMBL2189130
P10809	CHEMBL4721
P10826	CHEMBL2008
P10827	CHEMBL1860
P10828	CHEMBL1947
P10911	CHEMBL4523650
P10912	CHEMBL1976
P10916	CHEMBL3831286
P10997	CHEMBL1914266
P11021	CHEMBL1781865
P11047	CHEMBL2364187
P11049	CHEMBL3712880
P11086	CHEMBL4617
P11137	CHEMBL2390810
P11142	CHEMBL1275223
P11150	CHEMBL2127
P11166	CHEMBL2535
P11168	CHEMBL5873
P11169	CHEMBL5215
P11172	CHEMBL5216
P11177	CHEMBL4882
P11215	CHEMBL3826
P11216	CHEMBL3856
P11217	CHEMBL3526
P11226	CHEMBL1795113
P11229	CHEMBL216
P11230	CHEMBL1907588
P11230	CHEMBL3885508
P11230	CHEMBL4106145
P11233	CHEMBL3879855
P11234	CHEMBL3879851
P11245	CHEMBL2194
P11274	CHEMBL5146
P11308	CHEMBL1293191
P11309	CHEMBL2147
P11310	CHEMBL4295713
P11362	CHEMBL3650
P11387	CHEMBL1781
P11388	CHEMBL1806
P11413	CHEMBL5347
P11473	CHEMBL1977
P11474	CHEMBL3429
P11509	CHEMBL5282
P11511	CHEMBL1978
P11586	CHEMBL2541
P11597	CHEMBL3572
P11678	CHEMBL2438
P11712	CHEMBL3397
P11717	CHEMBL3240
P11766	CHEMBL4116
P11801	CHEMBL4524035
P11802	CHEMBL331
P11831	CHEMBL4523184
P11836	CHEMBL2058
P11926	CHEMBL1869
P11940	CHEMBL1293286
P12004	CHEMBL2346488
P12081	CHEMBL4002
P12104	CHEMBL4879
P12107	CHEMBL2364188
P12109	CHEMBL2364188
P12110	CHEMBL2364188
P12111	CHEMBL2364188
P12236	CHEMBL4105854
P12259	CHEMBL3618
P12268	CHEMBL2002
P12272	CHEMBL3712869
P12277	CHEMBL6049
P12314	CHEMBL5349
P12318	CHEMBL5841
P12319	CHEMBL2248
P12544	CHEMBL4307
P12643	CHEMBL1926496
P12644	CHEMBL5350
P12821	CHEMBL1808
P12829	CHEMBL3831286
P12830	CHEMBL2321609
P12872	CHEMBL5214853
P12883	CHEMBL3831286
P12931	CHEMBL267
P12955	CHEMBL4185
P12956	CHEMBL4106136
P13010	CHEMBL4106136
P13051	CHEMBL3277
P13056	CHEMBL1961787
P13385	CHEMBL3713025
P13497	CHEMBL3898
P13500	CHEMBL1649052
P13501	CHEMBL1275217
P13533	CHEMBL3831286
P13569	CHEMBL4051
P13584	CHEMBL4523986
P13591	CHEMBL3712938
P13612	CHEMBL278
P13631	CHEMBL2003
P13637	CHEMBL2095186
P13639	CHEMBL1795108
P13667	CHEMBL4295717
P13674	CHEMBL1250350
P13716	CHEMBL3126
P13726	CHEMBL4081
P13762	CHEMBL3988561
P13796	CHEMBL4295718
P13798	CHEMBL1741174
P13807	CHEMBL4000
P13861	CHEMBL2221
P13866	CHEMBL4979
P13942	CHEMBL2364188
P13945	CHEMBL246
P13995	CHEMBL3621036
P14060	CHEMBL1958
P14061	CHEMBL3181
P14091	CHEMBL3092
P14151	CHEMBL3161
P14174	CHEMBL2085
P14207	CHEMBL5064
P14210	CHEMBL5479
P14222	CHEMBL5480
P14324	CHEMBL1782
P14384	CHEMBL3038
P14410	CHEMBL2748
P14415	CHEMBL2095186
P14416	CHEMBL217
P14550	CHEMBL2246
P14555	CHEMBL3474
P14598	CHEMBL1613743
P14616	CHEMBL5483
P14618	CHEMBL1075189
P14625	CHEMBL1075323
P14635	CHEMBL2412
P14672	CHEMBL5874
P14679	CHEMBL1973
P14735	CHEMBL1293287
P14778	CHEMBL1959
P14780	CHEMBL321
P14784	CHEMBL3276
P14859	CHEMBL3509601
P14867	CHEMBL1962
P14902	CHEMBL4685
P14920	CHEMBL5485
P14927	CHEMBL1671612
P15056	CHEMBL5145
P15085	CHEMBL2088
P15086	CHEMBL2552
P15088	CHEMBL2645
P15090	CHEMBL2083
P15104	CHEMBL4612
P15121	CHEMBL1900
P15144	CHEMBL1907
P15153	CHEMBL5581
P15169	CHEMBL4713
P15170	CHEMBL4523593
P15248	CHEMBL3712932
P15260	CHEMBL2364171
P15289	CHEMBL2193
P15291	CHEMBL4384
P15309	CHEMBL2633
P15311	CHEMBL1932896
P15313	CHEMBL3217
P15328	CHEMBL2121
P15374	CHEMBL6195
P15382	CHEMBL4872
P15391	CHEMBL3390821
P15428	CHEMBL1293255
P15498	CHEMBL3259472
P15502	CHEMBL3713712
P15509	CHEMBL2364169
P15514	CHEMBL3731
P15531	CHEMBL2159
P15538	CHEMBL1908
P15559	CHEMBL3623
P15692	CHEMBL1783
P15735	CHEMBL2349
P15813	CHEMBL1649053
P15822	CHEMBL2909
P15848	CHEMBL2399
P15884	CHEMBL3885541
P15907	CHEMBL3596075
P15941	CHEMBL3580494
P16050	CHEMBL2903
P16066	CHEMBL1988
P16070	CHEMBL3232692
P16083	CHEMBL3959
P16109	CHEMBL5378
P16118	CHEMBL3421524
P16152	CHEMBL5586
P16220	CHEMBL5587
P16233	CHEMBL1812
P16234	CHEMBL2007
P16278	CHEMBL2522
P16298	CHEMBL5278
P16333	CHEMBL4846
P16389	CHEMBL2086
P16410	CHEMBL2364164
P16422	CHEMBL3580493
P16435	CHEMBL2169731
P16442	CHEMBL2321639
P16444	CHEMBL1989
P16455	CHEMBL2864
P16471	CHEMBL5588
P16473	CHEMBL1963
P16499	CHEMBL3878
P16519	CHEMBL2433
P16581	CHEMBL3890
P16591	CHEMBL3982
P16615	CHEMBL3901
P16662	CHEMBL4370
P16671	CHEMBL1744526
P16885	CHEMBL4100
P16949	CHEMBL3879843
P16989	CHEMBL4295720
P17050	CHEMBL3132
P17066	CHEMBL3232688
P17081	CHEMBL4295721
P17174	CHEMBL2189139
P17181	CHEMBL1887
P17252	CHEMBL299
P17301	CHEMBL4998
P17302	CHEMBL4680024
P17342	CHEMBL2247
P17405	CHEMBL2760
P17516	CHEMBL4999
P17535	CHEMBL4630755
P17538	CHEMBL4796
P17568	CHEMBL2363065
P17612	CHEMBL4101
P17643	CHEMBL3712886
P17655	CHEMBL2382
P17658	CHEMBL5279
P17706	CHEMBL3807
P17707	CHEMBL4181
P17735	CHEMBL3043
P17752	CHEMBL5689
P17787	CHEMBL1883
P17813	CHEMBL3712885
P17844	CHEMBL4295722
P17858	CHEMBL2191
P17861	CHEMBL1741176
P17927	CHEMBL3713643
P17931	CHEMBL4531
P17936	CHEMBL3997
P17948	CHEMBL1868
P17980	CHEMBL2364701
P18031	CHEMBL335
P18054	CHEMBL3687
P18065	CHEMBL3088
P18074	CHEMBL4105743
P18084	CHEMBL2096675
P18084	CHEMBL4106150
P18089	CHEMBL1942
P18146	CHEMBL3616355
P18206	CHEMBL4295723
P18405	CHEMBL1787
P18433	CHEMBL3918
P18440	CHEMBL5101
P18505	CHEMBL4558
P18507	CHEMBL2094120
P18507	CHEMBL2094121
P18507	CHEMBL2094122
P18507	CHEMBL2094130
P18507	CHEMBL2095172
P18507	CHEMBL2095190
P18507	CHEMBL2111339
P18507	CHEMBL2111366
P18507	CHEMBL2111370
P18507	CHEMBL2111392
P18507	CHEMBL2111413
P18507	CHEMBL4523638
P18507	CHEMBL4523640
P18507	CHEMBL4523641
P18510	CHEMBL4523191
P18545	CHEMBL2097163
P18545	CHEMBL2363066
P18564	CHEMBL2111416
P18627	CHEMBL4630881
P18669	CHEMBL3334418
P18825	CHEMBL1916
P18827	CHEMBL3712898
P18846	CHEMBL3255
P18858	CHEMBL5694
P19021	CHEMBL2544
P19022	CHEMBL1697669
P19099	CHEMBL2722
P19113	CHEMBL4523192
P19174	CHEMBL3964
P19224	CHEMBL1743316
P19235	CHEMBL1817
P19256	CHEMBL3790
P19320	CHEMBL3735
P19338	CHEMBL4295725
P19367	CHEMBL2688
P19404	CHEMBL2363065
P19419	CHEMBL4453
P19429	CHEMBL2095202
P19438	CHEMBL3378
P19440	CHEMBL5696
P19447	CHEMBL4523193
P19525	CHEMBL5785
P19532	CHEMBL4295726
P19544	CHEMBL4662942
P19623	CHEMBL4232
P19634	CHEMBL2781
P19652	CHEMBL5958
P19784	CHEMBL4070
P19793	CHEMBL2061
P19801	CHEMBL2118
P19823	CHEMBL4295727
P19835	CHEMBL3219
P19838	CHEMBL3251
P19875	CHEMBL3286076
P19971	CHEMBL3106
P20138	CHEMBL1842
P20142	CHEMBL2136
P20151	CHEMBL2442
P20231	CHEMBL4523196
P20248	CHEMBL2582
P20264	CHEMBL5243
P20265	CHEMBL4189
P20273	CHEMBL3218
P20292	CHEMBL4550
P20309	CHEMBL245
P20333	CHEMBL1250356
P20340	CHEMBL4105703
P20393	CHEMBL1961783
P20594	CHEMBL1795
P20618	CHEMBL4208
P20645	CHEMBL5788
P20648	CHEMBL2095173
P20701	CHEMBL1803
P20711	CHEMBL1843
P20749	CHEMBL4523197
P20794	CHEMBL1163106
P20813	CHEMBL4729
P20815	CHEMBL3019
P20839	CHEMBL1822
P20848	CHEMBL4879431
P20853	CHEMBL4523986
P20908	CHEMBL2364188
P20916	CHEMBL5807
P21127	CHEMBL5808
P21217	CHEMBL3269
P21246	CHEMBL4523199
P21266	CHEMBL2242
P21281	CHEMBL5641
P21291	CHEMBL4295728
P21333	CHEMBL4804243
P21397	CHEMBL1951
P21439	CHEMBL1743129
P21452	CHEMBL2327
P21453	CHEMBL4333
P21462	CHEMBL3359
P21549	CHEMBL5169121
P21554	CHEMBL218
P21580	CHEMBL4523200
P21583	CHEMBL2346489
P21589	CHEMBL5957
P21673	CHEMBL4286
P21675	CHEMBL3217390
P21709	CHEMBL5810
P21728	CHEMBL2056
P21730	CHEMBL2373
P21731	CHEMBL2069
P21741	CHEMBL1949490
P21757	CHEMBL5811
P21781	CHEMBL3286071
P21796	CHEMBL4295729
P21802	CHEMBL4142
P21817	CHEMBL1846
P21854	CHEMBL5169122
P21860	CHEMBL5838
P21912	CHEMBL4105824
P21917	CHEMBL219
P21918	CHEMBL1850
P21964	CHEMBL2023
P21980	CHEMBL2730
P22001	CHEMBL4633
P22004	CHEMBL3286078
P22059	CHEMBL4523203
P22061	CHEMBL4240
P22079	CHEMBL5898
P22083	CHEMBL4996
P22102	CHEMBL3972
P22223	CHEMBL3989384
P22234	CHEMBL5922
P22301	CHEMBL3712920
P22303	CHEMBL220
P22307	CHEMBL5950
P22309	CHEMBL1287617
P22310	CHEMBL3619
P22314	CHEMBL5924
P22392	CHEMBL2160
P22413	CHEMBL5925
P22455	CHEMBL3973
P22459	CHEMBL4205
P22460	CHEMBL4306
P22607	CHEMBL2742
P22612	CHEMBL2743
P22626	CHEMBL3124741
P22674	CHEMBL4105895
P22680	CHEMBL1851
P22692	CHEMBL2310
P22694	CHEMBL2918
P22732	CHEMBL5875
P22735	CHEMBL2810
P22736	CHEMBL1293229
P22748	CHEMBL3729
P22760	CHEMBL3509584
P22830	CHEMBL3879831
P22888	CHEMBL1854
P22894	CHEMBL4588
P22897	CHEMBL2176854
P23025	CHEMBL4105801
P23109	CHEMBL2869
P23141	CHEMBL2265
P23219	CHEMBL221
P23229	CHEMBL3716
P23280	CHEMBL3025
P23284	CHEMBL2075
P23415	CHEMBL5845
P23416	CHEMBL5871
P23443	CHEMBL4501
P23458	CHEMBL2835
P23467	CHEMBL2706
P23469	CHEMBL4850
P23470	CHEMBL4905
P23471	CHEMBL4295730
P23510	CHEMBL3712900
P23526	CHEMBL2664
P23528	CHEMBL1075129
P23560	CHEMBL4523205
P23588	CHEMBL3308928
P23677	CHEMBL5164
P23743	CHEMBL4105787
P23769	CHEMBL4523206
P23786	CHEMBL3238
P23919	CHEMBL4388
P23921	CHEMBL1830
P23945	CHEMBL2024
P23946	CHEMBL4068
P23975	CHEMBL222
P24043	CHEMBL2364187
P24046	CHEMBL3561
P24158	CHEMBL3900
P24298	CHEMBL5929
P24347	CHEMBL2867
P24385	CHEMBL3610
P24386	CHEMBL5169124
P24387	CHEMBL5930
P24394	CHEMBL3580490
P24462	CHEMBL3341582
P24468	CHEMBL1961790
P24530	CHEMBL1785
P24534	CHEMBL4295731
P24557	CHEMBL1835
P24592	CHEMBL2139
P24593	CHEMBL2665
P24666	CHEMBL4903
P24723	CHEMBL3616
P24752	CHEMBL2616
P24821	CHEMBL3712856
P24855	CHEMBL3351219
P24863	CHEMBL3038474
P24863	CHEMBL3883323
P24863	CHEMBL4888443
P24863	CHEMBL4888454
P24864	CHEMBL3617
P24903	CHEMBL4523986
P24928	CHEMBL1641353
P24941	CHEMBL301
P25021	CHEMBL1941
P25024	CHEMBL4029
P25025	CHEMBL2434
P25054	CHEMBL3233
P25090	CHEMBL4227
P25092	CHEMBL1795197
P25098	CHEMBL4079
P25100	CHEMBL223
P25101	CHEMBL252
P25103	CHEMBL249
P25105	CHEMBL250
P25106	CHEMBL2010631
P25116	CHEMBL3974
P25205	CHEMBL4630813
P25391	CHEMBL4523594
P25440	CHEMBL1293289
P25445	CHEMBL4523207
P25705	CHEMBL2062351
P25774	CHEMBL2954
P25786	CHEMBL4879432
P25787	CHEMBL2364701
P25787	CHEMBL3831201
P25788	CHEMBL2364701
P25788	CHEMBL3831201
P25789	CHEMBL2364701
P25789	CHEMBL3831201
P25791	CHEMBL3217402
P25929	CHEMBL4777
P25940	CHEMBL2364188
P25942	CHEMBL1250358
P25963	CHEMBL2898
P26006	CHEMBL3525
P26010	CHEMBL2979
P26012	CHEMBL3430892
P26038	CHEMBL4295733
P26045	CHEMBL2396509
P26196	CHEMBL4105783
P26358	CHEMBL1993
P26439	CHEMBL3670
P26447	CHEMBL2362976
P26572	CHEMBL2375207
P26583	CHEMBL4295734
P26599	CHEMBL1293230
P26639	CHEMBL3391
P26640	CHEMBL2612
P26641	CHEMBL4295735
P26715	CHEMBL4630892
P26842	CHEMBL3713333
P26885	CHEMBL4105949
P26927	CHEMBL6042
P26951	CHEMBL3712987
P27037	CHEMBL5616
P27144	CHEMBL4926
P27169	CHEMBL3167
P27338	CHEMBL2039
P27348	CHEMBL3710408
P27361	CHEMBL3385
P27448	CHEMBL5600
P27482	CHEMBL5169127
P27487	CHEMBL284
P27540	CHEMBL5618
P27694	CHEMBL1764940
P27695	CHEMBL5619
P27707	CHEMBL2447
P27708	CHEMBL3093
P27815	CHEMBL254
P27824	CHEMBL2719
P27986	CHEMBL2506
P27987	CHEMBL5165
P28062	CHEMBL5620
P28065	CHEMBL1944495
P28066	CHEMBL2364701
P28066	CHEMBL3831201
P28070	CHEMBL4879435
P28072	CHEMBL1944496
P28074	CHEMBL4662
P28161	CHEMBL4589
P28221	CHEMBL1983
P28222	CHEMBL1898
P28223	CHEMBL224
P28300	CHEMBL2249
P28329	CHEMBL4039
P28331	CHEMBL2363065
P28332	CHEMBL2096668
P28335	CHEMBL225
P28336	CHEMBL3636
P28340	CHEMBL2735
P28347	CHEMBL3334416
P28472	CHEMBL1847
P28476	CHEMBL2375
P28482	CHEMBL4040
P28562	CHEMBL6026
P28566	CHEMBL2182
P28702	CHEMBL1870
P28715	CHEMBL4736
P28827	CHEMBL4661
P28838	CHEMBL3965
P28845	CHEMBL4235
P28907	CHEMBL4660
P28908	CHEMBL2364161
P29033	CHEMBL4295738
P29074	CHEMBL3165
P29120	CHEMBL3182
P29122	CHEMBL2951
P29144	CHEMBL6156
P29218	CHEMBL1786
P29274	CHEMBL251
P29275	CHEMBL255
P29279	CHEMBL3712901
P29317	CHEMBL2068
P29320	CHEMBL4954
P29322	CHEMBL4134
P29323	CHEMBL3290
P29350	CHEMBL3166
P29353	CHEMBL5626
P29371	CHEMBL4429
P29372	CHEMBL3396943
P29373	CHEMBL2692
P29374	CHEMBL3709855
P29375	CHEMBL2424504
P29376	CHEMBL5627
P29400	CHEMBL2364188
P29401	CHEMBL4983
P29459	CHEMBL2364153
P29460	CHEMBL3580484
P29466	CHEMBL4801
P29474	CHEMBL4803
P29475	CHEMBL3568
P29597	CHEMBL3553
P29692	CHEMBL4295739
P29762	CHEMBL2079
P29965	CHEMBL3580491
P29966	CHEMBL4804244
P29972	CHEMBL4523210
P29992	CHEMBL4295740
P30038	CHEMBL3414418
P30041	CHEMBL4295741
P30043	CHEMBL5019
P30044	CHEMBL3627586
P30048	CHEMBL4295742
P30084	CHEMBL4523211
P30085	CHEMBL5681
P30086	CHEMBL4105856
P30101	CHEMBL4296001
P30203	CHEMBL3712853
P30279	CHEMBL2095942
P30279	CHEMBL3301385
P30279	CHEMBL3301386
P30281	CHEMBL2422
P30291	CHEMBL5491
P30304	CHEMBL3775
P30305	CHEMBL4804
P30307	CHEMBL2378
P30405	CHEMBL3325306
P30411	CHEMBL3157
P30419	CHEMBL2593
P30518	CHEMBL1790
P30519	CHEMBL2546
P30520	CHEMBL4875
P30530	CHEMBL4895
P30531	CHEMBL1903
P30532	CHEMBL3038461
P30532	CHEMBL3137272
P30532	CHEMBL3137273
P30536	CHEMBL5742
P30542	CHEMBL226
P30550	CHEMBL4959
P30556	CHEMBL227
P30559	CHEMBL2049
P30613	CHEMBL1075126
P30711	CHEMBL2141
P30837	CHEMBL4881
P30838	CHEMBL3578
P30872	CHEMBL1917
P30874	CHEMBL1804
P30926	CHEMBL1907591
P30926	CHEMBL1907594
P30926	CHEMBL2109230
P30926	CHEMBL3038459
P30926	CHEMBL3137273
P30926	CHEMBL3137285
P30926	CHEMBL3885595
P30939	CHEMBL1805
P30968	CHEMBL1855
P30988	CHEMBL1832
P30989	CHEMBL4123
P31040	CHEMBL5758
P31146	CHEMBL5169128
P31152	CHEMBL5759
P31153	CHEMBL3313835
P31213	CHEMBL1856
P31321	CHEMBL2320
P31323	CHEMBL2270
P31327	CHEMBL2362990
P31350	CHEMBL1954
P31358	CHEMBL1912
P31391	CHEMBL1853
P31512	CHEMBL3542432
P31513	CHEMBL3430864
P31629	CHEMBL4523214
P31639	CHEMBL3884
P31641	CHEMBL5762
P31644	CHEMBL5112
P31645	CHEMBL228
P31689	CHEMBL2189122
P31749	CHEMBL4282
P31751	CHEMBL2431
P31785	CHEMBL2364167
P31785	CHEMBL4665588
P31785	CHEMBL4665592
P31937	CHEMBL4523215
P31939	CHEMBL2518
P31941	CHEMBL1741179
P31943	CHEMBL3797013
P31944	CHEMBL5991
P31946	CHEMBL3710403
P31947	CHEMBL1909482
P31948	CHEMBL4523216
P31994	CHEMBL4662940
P32004	CHEMBL5169129
P32019	CHEMBL2636
P32119	CHEMBL4295744
P32189	CHEMBL2300
P32238	CHEMBL1901
P32239	CHEMBL298
P32241	CHEMBL5144
P32245	CHEMBL259
P32246	CHEMBL2413
P32247	CHEMBL4080
P32248	CHEMBL4594
P32249	CHEMBL3259470
P32297	CHEMBL3068
P32298	CHEMBL5861
P32302	CHEMBL1075315
P32320	CHEMBL4502
P32321	CHEMBL5675
P32322	CHEMBL4296002
P32418	CHEMBL4076
P32745	CHEMBL2028
P32754	CHEMBL1861
P32881	CHEMBL3856161
P32927	CHEMBL2364169
P32927	CHEMBL4804252
P32929	CHEMBL4295745
P32942	CHEMBL3712862
P32970	CHEMBL3712913
P33032	CHEMBL4608
P33121	CHEMBL4295746
P33176	CHEMBL5864
P33260	CHEMBL2408
P33261	CHEMBL3622
P33316	CHEMBL5203
P33402	CHEMBL2111348
P33527	CHEMBL3004
P33681	CHEMBL2364157
P33908	CHEMBL5915
P33981	CHEMBL3983
P33991	CHEMBL4105745
P33992	CHEMBL4630815
P33993	CHEMBL4630816
P34059	CHEMBL4523218
P34741	CHEMBL4888448
P34896	CHEMBL1772927
P34897	CHEMBL4295747
P34903	CHEMBL3026
P34913	CHEMBL2409
P34932	CHEMBL5169130
P34947	CHEMBL5678
P34949	CHEMBL2758
P34969	CHEMBL3155
P34972	CHEMBL253
P34981	CHEMBL1810
P34995	CHEMBL1811
P34998	CHEMBL1800
P35030	CHEMBL4551
P35125	CHEMBL4630817
P35218	CHEMBL4789
P35221	CHEMBL4295748
P35222	CHEMBL5866
P35225	CHEMBL3580486
P35226	CHEMBL4295749
P35228	CHEMBL4481
P35232	CHEMBL4295750
P35236	CHEMBL2219
P35247	CHEMBL2176857
P35270	CHEMBL3988583
P35318	CHEMBL2062356
P35346	CHEMBL1792
P35348	CHEMBL229
P35354	CHEMBL230
P35367	CHEMBL231
P35368	CHEMBL232
P35372	CHEMBL233
P35398	CHEMBL5868
P35408	CHEMBL1836
P35410	CHEMBL4523857
P35414	CHEMBL1628481
P35462	CHEMBL234
P35475	CHEMBL5169131
P35498	CHEMBL1845
P35499	CHEMBL2072
P35503	CHEMBL3542435
P35504	CHEMBL4523985
P35520	CHEMBL3399911
P35557	CHEMBL3820
P35558	CHEMBL2911
P35568	CHEMBL4523219
P35573	CHEMBL5272
P35575	CHEMBL2282
P35579	CHEMBL2189151
P35580	CHEMBL4105746
P35590	CHEMBL5274
P35610	CHEMBL2782
P35613	CHEMBL3580492
P35626	CHEMBL1075166
P35638	CHEMBL3351207
P35713	CHEMBL4523220
P35790	CHEMBL3117
P35813	CHEMBL2437
P35869	CHEMBL3201
P35913	CHEMBL3430880
P35916	CHEMBL1955
P35968	CHEMBL279
P35998	CHEMBL2364701
P36404	CHEMBL4295751
P36507	CHEMBL2964
P36537	CHEMBL6160
P36542	CHEMBL4295752
P36544	CHEMBL2492
P36551	CHEMBL1681618
P36639	CHEMBL3708265
P36776	CHEMBL4879436
P36873	CHEMBL4438
P36888	CHEMBL1974
P36894	CHEMBL5275
P36896	CHEMBL5310
P36897	CHEMBL4439
P36941	CHEMBL1250360
P36955	CHEMBL4295753
P36956	CHEMBL4630818
P37023	CHEMBL5311
P37058	CHEMBL4234
P37059	CHEMBL2789
P37088	CHEMBL1791
P37173	CHEMBL4267
P37231	CHEMBL235
P37235	CHEMBL4295755
P37268	CHEMBL3338
P37288	CHEMBL1889
P37840	CHEMBL6152
P38117	CHEMBL4105744
P38398	CHEMBL5990
P38435	CHEMBL2012
P38484	CHEMBL2364171
P38571	CHEMBL4184
P38606	CHEMBL4295756
P38646	CHEMBL4295757
P38919	CHEMBL4105832
P38936	CHEMBL5021
P39059	CHEMBL2364188
P39060	CHEMBL2364188
P39086	CHEMBL1918
P39656	CHEMBL4239
P39687	CHEMBL4295758
P39748	CHEMBL5027
P39877	CHEMBL4323
P39900	CHEMBL4393
P40145	CHEMBL2960
P40189	CHEMBL3124734
P40225	CHEMBL1293256
P40238	CHEMBL1864
P40259	CHEMBL3712852
P40261	CHEMBL2346486
P40306	CHEMBL3317334
P40313	CHEMBL4873
P40337	CHEMBL3108660
P40394	CHEMBL3867
P40763	CHEMBL4026
P40818	CHEMBL2157854
P40879	CHEMBL4523223
P40925	CHEMBL3560
P40926	CHEMBL5917
P40933	CHEMBL3712954
P40937	CHEMBL4296000
P40939	CHEMBL4295759
P40967	CHEMBL3712988
P41134	CHEMBL1075116
P41143	CHEMBL236
P41145	CHEMBL237
P41146	CHEMBL2014
P41180	CHEMBL1878
P41181	CHEMBL4523224
P41182	CHEMBL4105786
P41212	CHEMBL2401606
P41217	CHEMBL3712870
P41222	CHEMBL3430865
P41226	CHEMBL2321623
P41227	CHEMBL4630819
P41229	CHEMBL2163176
P41231	CHEMBL4398
P41235	CHEMBL5398
P41240	CHEMBL2634
P41250	CHEMBL4105815
P41252	CHEMBL3235
P41279	CHEMBL4899
P41440	CHEMBL4833
P41586	CHEMBL5399
P41587	CHEMBL4532
P41594	CHEMBL3227
P41595	CHEMBL1833
P41597	CHEMBL4015
P41743	CHEMBL2598
P41968	CHEMBL4644
P42081	CHEMBL2364156
P42224	CHEMBL6101
P42226	CHEMBL5401
P42229	CHEMBL5403
P42261	CHEMBL2009
P42262	CHEMBL4016
P42263	CHEMBL3595
P42285	CHEMBL4105889
P42330	CHEMBL4681
P42336	CHEMBL4005
P42338	CHEMBL3145
P42345	CHEMBL2842
P42356	CHEMBL3667
P42357	CHEMBL4003
P42566	CHEMBL4295760
P42568	CHEMBL4295761
P42574	CHEMBL2334
P42575	CHEMBL4884
P42677	CHEMBL1932893
P42679	CHEMBL4175
P42680	CHEMBL4246
P42681	CHEMBL4367
P42684	CHEMBL4014
P42685	CHEMBL4223
P42701	CHEMBL4523226
P42704	CHEMBL4295762
P42771	CHEMBL4680027
P42785	CHEMBL2335
P42858	CHEMBL5514
P42892	CHEMBL4791
P43003	CHEMBL3085
P43004	CHEMBL4973
P43005	CHEMBL2721
P43007	CHEMBL2315
P43088	CHEMBL1987
P43115	CHEMBL3710
P43116	CHEMBL1881
P43119	CHEMBL1995
P43121	CHEMBL3712863
P43155	CHEMBL3184
P43166	CHEMBL2326
P43220	CHEMBL1784
P43235	CHEMBL268
P43246	CHEMBL4296019
P43250	CHEMBL6144
P43251	CHEMBL4802066
P43304	CHEMBL3391681
P43320	CHEMBL4296284
P43351	CHEMBL2362978
P43353	CHEMBL3542434
P43354	CHEMBL5002
P43357	CHEMBL4662941
P43358	CHEMBL4296022
P43378	CHEMBL6117
P43403	CHEMBL2803
P43405	CHEMBL2599
P43489	CHEMBL3989383
P43490	CHEMBL1744525
P43626	CHEMBL3712912
P43627	CHEMBL3833441
P43628	CHEMBL3713026
P43630	CHEMBL4630895
P43657	CHEMBL2331058
P43681	CHEMBL1882
P43686	CHEMBL3831205
P43694	CHEMBL1687679
P45378	CHEMBL3831282
P45379	CHEMBL2095202
P45452	CHEMBL280
P45877	CHEMBL2424505
P45880	CHEMBL6190
P45973	CHEMBL3826867
P45974	CHEMBL6158
P45983	CHEMBL2276
P45984	CHEMBL4179
P45985	CHEMBL2897
P46019	CHEMBL2906
P46020	CHEMBL2111324
P46059	CHEMBL4605
P46063	CHEMBL1293236
P46089	CHEMBL4523856
P46091	CHEMBL4523229
P46092	CHEMBL2321628
P46093	CHEMBL3638324
P46094	CHEMBL4339
P46095	CHEMBL3714130
P46098	CHEMBL1899
P46108	CHEMBL5005
P46439	CHEMBL2819
P46459	CHEMBL2311231
P46527	CHEMBL3758070
P46531	CHEMBL2146346
P46663	CHEMBL4308
P46721	CHEMBL1743123
P46734	CHEMBL2109
P46736	CHEMBL4105965
P46821	CHEMBL3217382
P46934	CHEMBL3621023
P46937	CHEMBL3334415
P46939	CHEMBL4523230
P46940	CHEMBL4295763
P46952	CHEMBL3108657
P47211	CHEMBL4894
P47712	CHEMBL3816
P47756	CHEMBL4295764
P47775	CHEMBL5006
P47869	CHEMBL4956
P47870	CHEMBL1920
P47871	CHEMBL1985
P47872	CHEMBL1925
P47895	CHEMBL3579
P47897	CHEMBL3054
P47898	CHEMBL3426
P47900	CHEMBL4315
P47901	CHEMBL1921
P47929	CHEMBL5008
P47989	CHEMBL1929
P48023	CHEMBL5714
P48029	CHEMBL5209634
P48039	CHEMBL1945
P48048	CHEMBL1293292
P48050	CHEMBL2146347
P48051	CHEMBL2406895
P48052	CHEMBL4939
P48058	CHEMBL3190
P48061	CHEMBL3286074
P48065	CHEMBL3715
P48066	CHEMBL5208
P48067	CHEMBL2337
P48145	CHEMBL1293293
P48146	CHEMBL4523864
P48147	CHEMBL3202
P48163	CHEMBL3495
P48167	CHEMBL2363052
P48167	CHEMBL4106144
P48167	CHEMBL4296075
P48169	CHEMBL2472
P48357	CHEMBL5913
P48426	CHEMBL1795194
P48436	CHEMBL4523231
P48443	CHEMBL2004
P48448	CHEMBL3542434
P48449	CHEMBL3593
P48506	CHEMBL4055
P48507	CHEMBL4295765
P48544	CHEMBL1914278
P48546	CHEMBL4383
P48547	CHEMBL5529
P48549	CHEMBL1914277
P48551	CHEMBL2364170
P48556	CHEMBL2364701
P48643	CHEMBL4295766
P48729	CHEMBL2793
P48730	CHEMBL2828
P48735	CHEMBL3991501
P48736	CHEMBL3267
P48740	CHEMBL4295768
P48764	CHEMBL3273
P48775	CHEMBL2140
P48788	CHEMBL3831282
P48960	CHEMBL4523865
P48995	CHEMBL4296083
P48995	CHEMBL4523660
P48995	CHEMBL4523661
P49005	CHEMBL2363042
P49019	CHEMBL4421
P49023	CHEMBL5715
P49116	CHEMBL5716
P49137	CHEMBL2208
P49146	CHEMBL4018
P49189	CHEMBL2542
P49190	CHEMBL4105836
P49238	CHEMBL4843
P49279	CHEMBL2052040
P49281	CHEMBL1932895
P49286	CHEMBL1946
P49326	CHEMBL3430871
P49327	CHEMBL4158
P49336	CHEMBL5719
P49354	CHEMBL271
P49356	CHEMBL272
P49366	CHEMBL4415
P49406	CHEMBL4295771
P49407	CHEMBL1795088
P49411	CHEMBL4105970
P49585	CHEMBL4105855
P49588	CHEMBL3574
P49589	CHEMBL4105937
P49591	CHEMBL4523232
P49619	CHEMBL1075157
P49638	CHEMBL3308919
P49642	CHEMBL2363042
P49643	CHEMBL2363042
P49662	CHEMBL2226
P49674	CHEMBL4937
P49682	CHEMBL4441
P49683	CHEMBL1681611
P49685	CHEMBL4523866
P49711	CHEMBL4523233
P49720	CHEMBL3308923
P49721	CHEMBL3492
P49736	CHEMBL3308910
P49748	CHEMBL4105892
P49753	CHEMBL2189135
P49755	CHEMBL4295772
P49759	CHEMBL4224
P49760	CHEMBL4225
P49761	CHEMBL4226
P49763	CHEMBL1697671
P49765	CHEMBL3580488
P49767	CHEMBL3714157
P49768	CHEMBL2473
P49773	CHEMBL5878
P49789	CHEMBL1795151
P49795	CHEMBL3707468
P49798	CHEMBL1795091
P49810	CHEMBL3708
P49821	CHEMBL2363065
P49840	CHEMBL2850
P49841	CHEMBL262
P49842	CHEMBL4879437
P49862	CHEMBL2443
P49863	CHEMBL4930
P49888	CHEMBL2346
P49902	CHEMBL3708197
P49915	CHEMBL5721
P49916	CHEMBL4295773
P49917	CHEMBL4523595
P49959	CHEMBL3308929
P49961	CHEMBL5722
P50052	CHEMBL4607
P50053	CHEMBL1275212
P50135	CHEMBL2190
P50148	CHEMBL3286079
P50213	CHEMBL4296004
P50225	CHEMBL1743291
P50226	CHEMBL1743292
P50281	CHEMBL3869
P50336	CHEMBL1926488
P50391	CHEMBL4877
P50406	CHEMBL3371
P50416	CHEMBL1293194
P50454	CHEMBL5286
P50549	CHEMBL2010626
P50552	CHEMBL4295774
P50570	CHEMBL5812
P50579	CHEMBL3922
P50583	CHEMBL4105863
P50591	CHEMBL5813
P50613	CHEMBL3055
P50747	CHEMBL2062354
P50750	CHEMBL3116
P50897	CHEMBL2331051
P50990	CHEMBL4295775
P50993	CHEMBL2095186
P51114	CHEMBL3879858
P51116	CHEMBL5169136
P51124	CHEMBL4523234
P51149	CHEMBL4105784
P51151	CHEMBL1293294
P51159	CHEMBL4105702
P51160	CHEMBL3977
P51161	CHEMBL4523235
P51164	CHEMBL2095173
P51168	CHEMBL1628483
P51170	CHEMBL1628484
P51178	CHEMBL3727
P51398	CHEMBL4295776
P51449	CHEMBL1741186
P51451	CHEMBL2250
P51452	CHEMBL2635
P51511	CHEMBL2963
P51512	CHEMBL2200
P51530	CHEMBL4523236
P51531	CHEMBL2362979
P51532	CHEMBL3085620
P51570	CHEMBL1293257
P51571	CHEMBL4295777
P51572	CHEMBL4295778
P51575	CHEMBL2094
P51580	CHEMBL2500
P51582	CHEMBL2123
P51589	CHEMBL3491
P51608	CHEMBL3638346
P51617	CHEMBL3357
P51648	CHEMBL4295779
P51649	CHEMBL1911
P51654	CHEMBL4630889
P51659	CHEMBL5814
P51665	CHEMBL2364701
P51668	CHEMBL4105766
P51671	CHEMBL3286077
P51677	CHEMBL3473
P51679	CHEMBL2414
P51681	CHEMBL274
P51684	CHEMBL4423
P51685	CHEMBL4596
P51686	CHEMBL5815
P51692	CHEMBL5817
P51784	CHEMBL4630820
P51787	CHEMBL1866
P51788	CHEMBL1628478
P51790	CHEMBL2401603
P51810	CHEMBL4523867
P51812	CHEMBL2345
P51813	CHEMBL3834
P51817	CHEMBL5818
P51828	CHEMBL2097167
P51843	CHEMBL1795094
P51878	CHEMBL3131
P51946	CHEMBL2165
P51948	CHEMBL3038473
P51955	CHEMBL3835
P51956	CHEMBL5679
P51957	CHEMBL5819
P51965	CHEMBL4105876
P51970	CHEMBL2363065
P51993	CHEMBL4443
P52209	CHEMBL3404
P52292	CHEMBL1741187
P52298	CHEMBL4665589
P52333	CHEMBL2148
P52429	CHEMBL1075187
P52564	CHEMBL2171
P52565	CHEMBL3638327
P52597	CHEMBL4523238
P52630	CHEMBL4523239
P52655	CHEMBL4832
P52701	CHEMBL4739849
P52732	CHEMBL4581
P52739	CHEMBL5069380
P52757	CHEMBL4504
P52788	CHEMBL4934
P52789	CHEMBL2640
P52790	CHEMBL2709
P52799	CHEMBL4804245
P52815	CHEMBL4295780
P52823	CHEMBL4879441
P52895	CHEMBL5847
P52907	CHEMBL4295781
P52961	CHEMBL2158
P53041	CHEMBL3425389
P53350	CHEMBL3024
P53355	CHEMBL2558
P53396	CHEMBL3720
P53420	CHEMBL3988505
P53539	CHEMBL4630821
P53582	CHEMBL2474
P53602	CHEMBL4340
P53609	CHEMBL4135
P53611	CHEMBL4523994
P53618	CHEMBL4295782
P53634	CHEMBL2252
P53667	CHEMBL3836
P53671	CHEMBL5932
P53778	CHEMBL4674
P53779	CHEMBL2637
P53816	CHEMBL3831244
P53985	CHEMBL4360
P54098	CHEMBL2732
P54132	CHEMBL1293237
P54136	CHEMBL2824
P54219	CHEMBL1838
P54252	CHEMBL4523240
P54284	CHEMBL3351206
P54289	CHEMBL1919
P54317	CHEMBL2169728
P54368	CHEMBL4523241
P54577	CHEMBL3179
P54578	CHEMBL1293295
P54619	CHEMBL2393
P54646	CHEMBL2116
P54652	CHEMBL2062348
P54687	CHEMBL4679
P54707	CHEMBL2933
P54709	CHEMBL2095186
P54710	CHEMBL2095186
P54750	CHEMBL3421
P54753	CHEMBL4901
P54756	CHEMBL3987
P54760	CHEMBL5147
P54762	CHEMBL5072
P54764	CHEMBL3988
P54803	CHEMBL3713095
P54819	CHEMBL4938
P54821	CHEMBL4879442
P54829	CHEMBL2007628
P54840	CHEMBL4523243
P54855	CHEMBL6161
P54886	CHEMBL4295784
P55011	CHEMBL1615383
P55017	CHEMBL1876
P55036	CHEMBL2364701
P55055	CHEMBL4093
P55058	CHEMBL5962
P55064	CHEMBL4523244
P55072	CHEMBL1075145
P55084	CHEMBL4523245
P55085	CHEMBL5963
P55087	CHEMBL5964
P55157	CHEMBL2569
P55201	CHEMBL3132741
P55210	CHEMBL3468
P55211	CHEMBL2273
P55212	CHEMBL3308
P55263	CHEMBL3589
P55268	CHEMBL2364187
P55786	CHEMBL2264
P55789	CHEMBL1741189
P55795	CHEMBL4296005
P55854	CHEMBL3885639
P55899	CHEMBL5966
P55957	CHEMBL1250414
P56159	CHEMBL3833481
P56181	CHEMBL2363065
P56192	CHEMBL2870
P56199	CHEMBL3682
P56282	CHEMBL2363042
P56373	CHEMBL2998
P56470	CHEMBL1671608
P56524	CHEMBL3524
P56537	CHEMBL4296020
P56545	CHEMBL3797016
P56556	CHEMBL2363065
P56696	CHEMBL3576
P56703	CHEMBL6079
P56704	CHEMBL1255137
P56730	CHEMBL4523246
P56817	CHEMBL4822
P56856	CHEMBL3712859
P56937	CHEMBL5999
P57058	CHEMBL1795165
P57059	CHEMBL6082
P57078	CHEMBL6083
P57678	CHEMBL5169137
P57764	CHEMBL4523247
P57771	CHEMBL2034803
P57789	CHEMBL2331041
P58215	CHEMBL4105989
P58335	CHEMBL4296326
P59533	CHEMBL4523248
P59534	CHEMBL4523249
P59535	CHEMBL4523250
P59536	CHEMBL3309108
P59537	CHEMBL4523251
P59538	CHEMBL2034804
P59539	CHEMBL4523252
P59540	CHEMBL4523253
P59541	CHEMBL4523254
P59542	CHEMBL4523255
P59543	CHEMBL3559705
P59544	CHEMBL3559706
P59551	CHEMBL3309109
P59768	CHEMBL3883319
P59901	CHEMBL4804246
P60033	CHEMBL1075180
P60174	CHEMBL4880
P60484	CHEMBL2052032
P60520	CHEMBL4879445
P60568	CHEMBL5880
P60604	CHEMBL4523256
P60709	CHEMBL2062353
P60763	CHEMBL6087
P60842	CHEMBL2052028
P60880	CHEMBL2364159
P60891	CHEMBL2638
P60893	CHEMBL4523868
P60900	CHEMBL2364701
P60900	CHEMBL3831201
P60953	CHEMBL6088
P61011	CHEMBL4295786
P61019	CHEMBL4105893
P61026	CHEMBL4105971
P61073	CHEMBL2107
P61077	CHEMBL4105911
P61081	CHEMBL4295787
P61086	CHEMBL4105835
P61088	CHEMBL6089
P61158	CHEMBL4105857
P61160	CHEMBL6090
P61244	CHEMBL1250363
P61289	CHEMBL4296023
P61586	CHEMBL6052
P61604	CHEMBL4106131
P61812	CHEMBL3217393
P61956	CHEMBL2146301
P61964	CHEMBL1075317
P61981	CHEMBL1293296
P62070	CHEMBL4879446
P62136	CHEMBL2164
P62140	CHEMBL4546
P62166	CHEMBL4295788
P62191	CHEMBL2364701
P62195	CHEMBL2364701
P62256	CHEMBL4105951
P62258	CHEMBL3329082
P62330	CHEMBL5987
P62333	CHEMBL2364701
P62508	CHEMBL4245
P62714	CHEMBL2435
P62745	CHEMBL1795102
P62753	CHEMBL3351215
P62805	CHEMBL5876
P62820	CHEMBL3879826
P62826	CHEMBL1741190
P62834	CHEMBL1255139
P62837	CHEMBL4105990
P62873	CHEMBL3883319
P62877	CHEMBL3833061
P62937	CHEMBL1949
P62942	CHEMBL1902
P62955	CHEMBL2363032
P62979	CHEMBL4523597
P62987	CHEMBL4523259
P62993	CHEMBL3663
P63000	CHEMBL6094
P63027	CHEMBL2364160
P63096	CHEMBL4741
P63098	CHEMBL2082
P63104	CHEMBL4105899
P63146	CHEMBL3784907
P63151	CHEMBL4284
P63165	CHEMBL2146296
P63241	CHEMBL4105862
P63252	CHEMBL1914276
P63279	CHEMBL1741191
P63316	CHEMBL2095202
P67775	CHEMBL4703
P67809	CHEMBL4296006
P67870	CHEMBL2358
P67936	CHEMBL4295789
P68036	CHEMBL4105871
P68104	CHEMBL1795120
P68106	CHEMBL2430
P68363	CHEMBL3797010
P68366	CHEMBL2070
P68371	CHEMBL1848
P68400	CHEMBL3629
P68402	CHEMBL4463
P68871	CHEMBL4331
P69905	CHEMBL2887
P78310	CHEMBL4879448
P78325	CHEMBL5665
P78329	CHEMBL3379
P78334	CHEMBL2093872
P78348	CHEMBL1628477
P78352	CHEMBL5666
P78356	CHEMBL5667
P78358	CHEMBL4804257
P78362	CHEMBL5668
P78368	CHEMBL2543
P78380	CHEMBL3421522
P78381	CHEMBL3430867
P78385	CHEMBL4523262
P78386	CHEMBL4523263
P78396	CHEMBL2094128
P78396	CHEMBL3038470
P78396	CHEMBL3885548
P78396	CHEMBL4296066
P78417	CHEMBL3174
P78423	CHEMBL4630883
P78504	CHEMBL3217396
P78508	CHEMBL2146348
P78527	CHEMBL3142
P78536	CHEMBL3706
P78540	CHEMBL1795148
P78549	CHEMBL4523264
P78552	CHEMBL3831285
P79483	CHEMBL3460
P80098	CHEMBL3217391
P80192	CHEMBL2872
P80365	CHEMBL3746
P80370	CHEMBL5671
P80404	CHEMBL2044
P81172	CHEMBL3989381
P81277	CHEMBL4523266
P81605	CHEMBL4523267
P83436	CHEMBL4105843
P83916	CHEMBL1741193
P84022	CHEMBL1293258
P84077	CHEMBL5985
P84085	CHEMBL5986
P98073	CHEMBL1741195
P98077	CHEMBL3299
P98088	CHEMBL3713020
P98161	CHEMBL5772
P98170	CHEMBL4198
P98174	CHEMBL2862
P98179	CHEMBL4295793
P98187	CHEMBL4523270
P99999	CHEMBL2189163
Q00266	CHEMBL5169142
Q00325	CHEMBL4295795
Q00341	CHEMBL4295796
Q00526	CHEMBL4442
Q00532	CHEMBL5789
Q00534	CHEMBL2508
Q00535	CHEMBL4036
Q00536	CHEMBL4597
Q00537	CHEMBL5790
Q00610	CHEMBL3108634
Q00613	CHEMBL5869
Q00653	CHEMBL3003
Q00688	CHEMBL4746
Q00765	CHEMBL4295797
Q00796	CHEMBL2275
Q00839	CHEMBL4296007
Q00975	CHEMBL4478
Q00987	CHEMBL5023
Q01064	CHEMBL4425
Q01094	CHEMBL4382
Q01105	CHEMBL4295798
Q01118	CHEMBL3585
Q01201	CHEMBL4523273
Q01344	CHEMBL3580483
Q01432	CHEMBL2912
Q01433	CHEMBL2997
Q01449	CHEMBL3831286
Q01453	CHEMBL1293298
Q01469	CHEMBL3674
Q01538	CHEMBL2331044
Q01638	CHEMBL4804256
Q01650	CHEMBL4459
Q01668	CHEMBL4138
Q01718	CHEMBL1965
Q01726	CHEMBL3795
Q01740	CHEMBL3430872
Q01813	CHEMBL2972
Q01844	CHEMBL3351202
Q01860	CHEMBL3580526
Q01955	CHEMBL2364188
Q01959	CHEMBL238
Q01970	CHEMBL5449
Q01973	CHEMBL4665585
Q01974	CHEMBL2375201
Q02083	CHEMBL4349
Q02108	CHEMBL3137281
Q02127	CHEMBL1966
Q02153	CHEMBL3137281
Q02156	CHEMBL3582
Q02161	CHEMBL3712996
Q02218	CHEMBL2816
Q02223	CHEMBL4523587
Q02224	CHEMBL5870
Q02241	CHEMBL5899
Q02318	CHEMBL5992
Q02641	CHEMBL3988638
Q02641	CHEMBL3988640
Q02641	CHEMBL4106160
Q02643	CHEMBL2032
Q02742	CHEMBL2321632
Q02750	CHEMBL3587
Q02763	CHEMBL4128
Q02779	CHEMBL2873
Q02790	CHEMBL4050
Q02880	CHEMBL3396
Q02928	CHEMBL3978
Q02952	CHEMBL4295800
Q03013	CHEMBL2100
Q03111	CHEMBL4295801
Q03112	CHEMBL5214865
Q03113	CHEMBL3308913
Q03135	CHEMBL3808270
Q03164	CHEMBL1293299
Q03181	CHEMBL3979
Q03393	CHEMBL4630823
Q03405	CHEMBL4883
Q03431	CHEMBL1793
Q03518	CHEMBL4523275
Q03519	CHEMBL4523654
Q03721	CHEMBL2362996
Q03933	CHEMBL3988631
Q04206	CHEMBL5533
Q04609	CHEMBL1892
Q04637	CHEMBL4523621
Q04721	CHEMBL3407320
Q04756	CHEMBL3351190
Q04759	CHEMBL3920
Q04760	CHEMBL2424
Q04771	CHEMBL5903
Q04828	CHEMBL5905
Q04844	CHEMBL2484
Q04864	CHEMBL4296310
Q04912	CHEMBL2689
Q04917	CHEMBL3708585
Q05193	CHEMBL4958
Q05209	CHEMBL3236
Q05329	CHEMBL2952
Q05397	CHEMBL2695
Q05469	CHEMBL3590
Q05513	CHEMBL3438
Q05516	CHEMBL4105726
Q05586	CHEMBL2015
Q05639	CHEMBL1795122
Q05655	CHEMBL2996
Q05823	CHEMBL3575
Q05901	CHEMBL2109233
Q05923	CHEMBL2157858
Q05932	CHEMBL3171
Q05940	CHEMBL1893
Q05BQ5	CHEMBL1287625
Q06124	CHEMBL3864
Q06187	CHEMBL5251
Q06203	CHEMBL2362992
Q06210	CHEMBL1909481
Q06278	CHEMBL3257
Q06323	CHEMBL4295804
Q06330	CHEMBL4105709
Q06418	CHEMBL5314
Q06432	CHEMBL2363032
Q06495	CHEMBL3769299
Q06520	CHEMBL2077
Q06609	CHEMBL2034807
Q06643	CHEMBL3713022
Q06710	CHEMBL2362980
Q06830	CHEMBL5315
Q07001	CHEMBL3011
Q07002	CHEMBL5316
Q07011	CHEMBL3712857
Q07065	CHEMBL4296025
Q07075	CHEMBL3439
Q07108	CHEMBL3308911
Q07157	CHEMBL4296026
Q07343	CHEMBL275
Q07699	CHEMBL5487
Q07812	CHEMBL5318
Q07817	CHEMBL4625
Q07820	CHEMBL4361
Q07864	CHEMBL2363042
Q07869	CHEMBL239
Q07889	CHEMBL2079846
Q07890	CHEMBL4524041
Q07912	CHEMBL4599
Q07954	CHEMBL4630884
Q07955	CHEMBL4295805
Q07973	CHEMBL4521
Q08050	CHEMBL4739852
Q08188	CHEMBL3363
Q08209	CHEMBL4445
Q08257	CHEMBL6118
Q08289	CHEMBL3317336
Q08334	CHEMBL3831284
Q08334	CHEMBL4804251
Q08334	CHEMBL4804254
Q08345	CHEMBL5319
Q08357	CHEMBL4295806
Q08397	CHEMBL4523279
Q08431	CHEMBL3713343
Q08462	CHEMBL3760
Q08477	CHEMBL3508692
Q08493	CHEMBL291
Q08499	CHEMBL288
Q08722	CHEMBL3714583
Q08752	CHEMBL1697657
Q08828	CHEMBL2899
Q08881	CHEMBL2959
Q08ET2	CHEMBL4523280
Q08J23	CHEMBL4739683
Q09013	CHEMBL5320
Q09028	CHEMBL2189120
Q09161	CHEMBL4665589
Q09327	CHEMBL2375206
Q09328	CHEMBL1795131
Q09428	CHEMBL2071
Q09470	CHEMBL2309
Q09472	CHEMBL3784
Q09666	CHEMBL4296008
Q0VDF9	CHEMBL5169146
Q0WX57	CHEMBL4523281
Q0Z7S8	CHEMBL3826865
Q10469	CHEMBL2321630
Q10471	CHEMBL3713355
Q10472	CHEMBL4523282
Q10567	CHEMBL4630824
Q10588	CHEMBL5169147
Q10713	CHEMBL4295809
Q10981	CHEMBL4105777
Q11128	CHEMBL3146
Q11130	CHEMBL3596077
Q11201	CHEMBL3596074
Q11203	CHEMBL3596076
Q12756	CHEMBL3308914
Q12770	CHEMBL4879458
Q12772	CHEMBL1795166
Q12778	CHEMBL5294
Q12791	CHEMBL4304
Q12794	CHEMBL4528
Q12797	CHEMBL4680030
Q12802	CHEMBL4523643
Q12809	CHEMBL240
Q12830	CHEMBL3085621
Q12834	CHEMBL4523283
Q12840	CHEMBL5295
Q12851	CHEMBL5330
Q12852	CHEMBL1908389
Q12866	CHEMBL5331
Q12879	CHEMBL1972
Q12882	CHEMBL3172
Q12884	CHEMBL4683
Q12888	CHEMBL2424509
Q12904	CHEMBL4295810
Q12905	CHEMBL4295811
Q12908	CHEMBL2778
Q12913	CHEMBL3692
Q12923	CHEMBL2976
Q12931	CHEMBL1075132
Q12974	CHEMBL1075105
Q13002	CHEMBL3683
Q13003	CHEMBL3684
Q13009	CHEMBL3232697
Q13011	CHEMBL4523284
Q13018	CHEMBL3713395
Q13029	CHEMBL5214862
Q13043	CHEMBL4598
Q13057	CHEMBL4105867
Q13085	CHEMBL3351
Q13087	CHEMBL4739853
Q13093	CHEMBL3514
Q13105	CHEMBL5069374
Q13107	CHEMBL2406900
Q13115	CHEMBL2146343
Q13118	CHEMBL3407312
Q13123	CHEMBL2321616
Q13126	CHEMBL4941
Q13131	CHEMBL4045
Q13133	CHEMBL2808
Q13148	CHEMBL2362981
Q13153	CHEMBL4600
Q13155	CHEMBL4523285
Q13162	CHEMBL4295812
Q13163	CHEMBL4948
Q13164	CHEMBL5332
Q13177	CHEMBL4487
Q13183	CHEMBL3712851
Q13185	CHEMBL3826866
Q13188	CHEMBL4708
Q13191	CHEMBL4879459
Q13200	CHEMBL2364701
Q13224	CHEMBL1904
Q13231	CHEMBL3080
Q13233	CHEMBL3956
Q13237	CHEMBL2896
Q13242	CHEMBL4295813
Q13247	CHEMBL5169149
Q13255	CHEMBL3772
Q13258	CHEMBL4427
Q13261	CHEMBL4665592
Q13263	CHEMBL3769297
Q13285	CHEMBL4666
Q13304	CHEMBL1075162
Q13310	CHEMBL5333
Q13315	CHEMBL3797
Q13322	CHEMBL3621028
Q13324	CHEMBL4069
Q13332	CHEMBL2396508
Q13336	CHEMBL2390814
Q13342	CHEMBL3108643
Q13347	CHEMBL4295814
Q13351	CHEMBL3407313
Q13370	CHEMBL290
Q13393	CHEMBL2536
Q13395	CHEMBL2807
Q13409	CHEMBL4295815
Q13418	CHEMBL5247
Q13421	CHEMBL3712878
Q13422	CHEMBL4739685
Q13426	CHEMBL4296097
Q13427	CHEMBL3707467
Q13433	CHEMBL4523581
Q13435	CHEMBL1229011
Q13443	CHEMBL5982
Q13444	CHEMBL2331050
Q13451	CHEMBL2052031
Q13464	CHEMBL3231
Q13467	CHEMBL3559687
Q13470	CHEMBL5334
Q13477	CHEMBL4467
Q13478	CHEMBL4804253
Q13480	CHEMBL4523286
Q13489	CHEMBL5335
Q13490	CHEMBL5462
Q13501	CHEMBL4295816
Q13507	CHEMBL2417348
Q13509	CHEMBL2597
Q13510	CHEMBL5463
Q13523	CHEMBL1908382
Q13526	CHEMBL2288
Q13535	CHEMBL5024
Q13541	CHEMBL3351214
Q13546	CHEMBL5464
Q13547	CHEMBL325
Q13554	CHEMBL4121
Q13555	CHEMBL3829
Q13557	CHEMBL2801
Q13563	CHEMBL5465
Q13564	CHEMBL2016431
Q13572	CHEMBL1938220
Q13574	CHEMBL4105942
Q13585	CHEMBL3341577
Q13586	CHEMBL3832644
Q13586	CHEMBL4296083
Q13586	CHEMBL4296084
Q13586	CHEMBL4888450
Q13586	CHEMBL4888461
Q13609	CHEMBL1649048
Q13616	CHEMBL3758068
Q13619	CHEMBL4523598
Q13620	CHEMBL4523287
Q13621	CHEMBL1874
Q13627	CHEMBL2292
Q13635	CHEMBL5169150
Q13639	CHEMBL1875
Q13641	CHEMBL3712934
Q13651	CHEMBL4804254
Q13686	CHEMBL5169151
Q13698	CHEMBL3805
Q13702	CHEMBL2163166
Q13705	CHEMBL5466
Q13724	CHEMBL4684
Q13733	CHEMBL2095186
Q13740	CHEMBL4665584
Q13751	CHEMBL2364187
Q13753	CHEMBL2364187
Q13797	CHEMBL3170
Q13822	CHEMBL3691
Q13835	CHEMBL4295817
Q13867	CHEMBL4295818
Q13873	CHEMBL5467
Q13882	CHEMBL4601
Q13885	CHEMBL3797012
Q13887	CHEMBL1293249
Q13936	CHEMBL1940
Q13946	CHEMBL3012
Q13951	CHEMBL1615386
Q13956	CHEMBL2097163
Q13956	CHEMBL2363066
Q13972	CHEMBL5468
Q13976	CHEMBL4273
Q14003	CHEMBL2362996
Q14004	CHEMBL1795192
Q14012	CHEMBL2493
Q14031	CHEMBL2364188
Q14103	CHEMBL4296009
Q14116	CHEMBL1741305
Q14117	CHEMBL2465
Q14118	CHEMBL3714399
Q14123	CHEMBL4619
Q14145	CHEMBL2069156
Q14157	CHEMBL4295819
Q14164	CHEMBL3529
Q14181	CHEMBL2363042
Q14185	CHEMBL4523288
Q14186	CHEMBL4523289
Q14188	CHEMBL4105986
Q14191	CHEMBL2146312
Q14209	CHEMBL4630726
Q14240	CHEMBL4105952
Q14242	CHEMBL4183
Q14247	CHEMBL4295820
Q14249	CHEMBL3804749
Q14289	CHEMBL5469
Q14330	CHEMBL2384898
Q14332	CHEMBL3559686
Q14353	CHEMBL4523290
Q14376	CHEMBL5843
Q14393	CHEMBL4804247
Q14397	CHEMBL1075152
Q14416	CHEMBL5137
Q14432	CHEMBL241
Q14435	CHEMBL4523291
Q14439	CHEMBL4523869
Q14444	CHEMBL4295821
Q14451	CHEMBL1649051
Q14457	CHEMBL4296010
Q14469	CHEMBL3734643
Q14498	CHEMBL4680031
Q14524	CHEMBL1980
Q14533	CHEMBL4523292
Q14534	CHEMBL3592
Q14541	CHEMBL1961786
Q14542	CHEMBL3509606
Q14566	CHEMBL4296011
Q14571	CHEMBL2111451
Q14573	CHEMBL3904
Q14576	CHEMBL4105924
Q14626	CHEMBL2050
Q14627	CHEMBL3713941
Q14642	CHEMBL4243
Q14643	CHEMBL4046
Q14653	CHEMBL4523293
Q14654	CHEMBL1886
Q14674	CHEMBL4523294
Q14680	CHEMBL4578
Q14683	CHEMBL4105747
Q14694	CHEMBL3407323
Q14697	CHEMBL2519
Q14703	CHEMBL5916
Q14721	CHEMBL2363000
Q14722	CHEMBL5884
Q14749	CHEMBL4523295
Q14761	CHEMBL4806
Q14765	CHEMBL4523296
Q14781	CHEMBL3779761
Q14790	CHEMBL3776
Q14807	CHEMBL5470
Q14831	CHEMBL3777
Q14832	CHEMBL2888
Q14833	CHEMBL2736
Q14839	CHEMBL4105742
Q14849	CHEMBL4523297
Q14914	CHEMBL4295822
Q14916	CHEMBL3769298
Q14940	CHEMBL3058
Q14956	CHEMBL3712919
Q14957	CHEMBL4109
Q14973	CHEMBL5287
Q14974	CHEMBL1741199
Q14994	CHEMBL5503
Q14995	CHEMBL1961784
Q14CN2	CHEMBL2364708
Q15004	CHEMBL5574
Q15007	CHEMBL4523298
Q15008	CHEMBL2364701
Q15022	CHEMBL2189118
Q15031	CHEMBL4105806
Q15040	CHEMBL4630825
Q15046	CHEMBL5575
Q15047	CHEMBL2321646
Q15049	CHEMBL4523299
Q15054	CHEMBL2363042
Q15056	CHEMBL1293274
Q15058	CHEMBL5576
Q15059	CHEMBL1795186
Q15067	CHEMBL4105748
Q15077	CHEMBL4714
Q15078	CHEMBL2783
Q15084	CHEMBL2146308
Q15102	CHEMBL5108
Q15109	CHEMBL2176846
Q15116	CHEMBL3307223
Q15118	CHEMBL4766
Q15119	CHEMBL3861
Q15120	CHEMBL3893
Q15125	CHEMBL4931
Q15131	CHEMBL1795191
Q15139	CHEMBL3863
Q15149	CHEMBL1293240
Q15165	CHEMBL4295823
Q15166	CHEMBL4295824
Q15172	CHEMBL4763
Q15185	CHEMBL3341580
Q15208	CHEMBL1075155
Q15256	CHEMBL3425390
Q15257	CHEMBL2505
Q15291	CHEMBL3137282
Q15303	CHEMBL3009
Q15326	CHEMBL4739854
Q15329	CHEMBL4630726
Q15349	CHEMBL3906
Q15365	CHEMBL4295825
Q15366	CHEMBL4295826
Q15369	CHEMBL3301400
Q15369	CHEMBL4296117
Q15370	CHEMBL3301400
Q15370	CHEMBL4296117
Q15375	CHEMBL4602
Q15382	CHEMBL3108656
Q15389	CHEMBL3217395
Q15391	CHEMBL4518
Q15392	CHEMBL2331059
Q15393	CHEMBL1250378
Q15399	CHEMBL3714412
Q15406	CHEMBL1961793
Q15413	CHEMBL2062
Q15418	CHEMBL2553
Q15436	CHEMBL4295827
Q15465	CHEMBL5602
Q15466	CHEMBL5603
Q15475	CHEMBL4630826
Q15544	CHEMBL4523300
Q15554	CHEMBL4296012
Q15561	CHEMBL4295828
Q15562	CHEMBL4523301
Q15569	CHEMBL5604
Q15573	CHEMBL4105882
Q15582	CHEMBL4295829
Q15599	CHEMBL4739686
Q15633	CHEMBL2098
Q15652	CHEMBL3792271
Q15661	CHEMBL2617
Q15678	CHEMBL3317332
Q15717	CHEMBL1250379
Q15722	CHEMBL3911
Q15743	CHEMBL3713916
Q15746	CHEMBL2428
Q15750	CHEMBL5605
Q15758	CHEMBL3562162
Q15759	CHEMBL3961
Q15760	CHEMBL4523870
Q15761	CHEMBL4561
Q15773	CHEMBL4295830
Q15788	CHEMBL1615387
Q15796	CHEMBL2396512
Q15811	CHEMBL4523302
Q15822	CHEMBL2109230
Q15822	CHEMBL2109236
Q15825	CHEMBL2109233
Q15825	CHEMBL2109237
Q15825	CHEMBL3137285
Q15825	CHEMBL4888445
Q15831	CHEMBL5606
Q15835	CHEMBL5607
Q15842	CHEMBL4770
Q15843	CHEMBL4295831
Q15858	CHEMBL4296
Q15878	CHEMBL1687682
Q15904	CHEMBL4790
Q15910	CHEMBL2189110
Q15942	CHEMBL4295832
Q16099	CHEMBL2109241
Q16186	CHEMBL2364701
Q16206	CHEMBL3714292
Q16236	CHEMBL1075094
Q16254	CHEMBL4630726
Q16288	CHEMBL5608
Q16322	CHEMBL2363001
Q16348	CHEMBL1743125
Q16363	CHEMBL2364187
Q16445	CHEMBL2579
Q16478	CHEMBL2675
Q16512	CHEMBL3384
Q16513	CHEMBL3032
Q16518	CHEMBL3831182
Q16526	CHEMBL4296246
Q16527	CHEMBL4295833
Q16531	CHEMBL3833061
Q16531	CHEMBL4888446
Q16538	CHEMBL4523871
Q16539	CHEMBL260
Q16543	CHEMBL1795123
Q16548	CHEMBL6044
Q16549	CHEMBL2232
Q16552	CHEMBL3390822
Q16553	CHEMBL4523584
Q16555	CHEMBL4295834
Q16558	CHEMBL5078
Q16566	CHEMBL2494
Q16570	CHEMBL2321626
Q16572	CHEMBL4767
Q16576	CHEMBL3301388
Q16581	CHEMBL4761
Q16584	CHEMBL2708
Q16595	CHEMBL2321640
Q16602	CHEMBL3798
Q16611	CHEMBL5609
Q16620	CHEMBL4898
Q16621	CHEMBL4523303
Q16637	CHEMBL1293232
Q16644	CHEMBL4670
Q16647	CHEMBL4428
Q16651	CHEMBL5610
Q16654	CHEMBL4141
Q16658	CHEMBL4523304
Q16659	CHEMBL5121
Q16665	CHEMBL4261
Q16678	CHEMBL4878
Q16690	CHEMBL1250380
Q16696	CHEMBL3542436
Q16706	CHEMBL4056
Q16718	CHEMBL2363065
Q16719	CHEMBL5100
Q16739	CHEMBL2063
Q16740	CHEMBL4523305
Q16760	CHEMBL1075120
Q16762	CHEMBL4295835
Q16769	CHEMBL4508
Q16772	CHEMBL4866
Q16773	CHEMBL3962
Q16774	CHEMBL4989
Q16775	CHEMBL2261
Q16787	CHEMBL2364187
Q16790	CHEMBL3594
Q16795	CHEMBL2363065
Q16798	CHEMBL6182
Q16816	CHEMBL4004
Q16819	CHEMBL4105775
Q16820	CHEMBL4105879
Q16822	CHEMBL3096
Q16827	CHEMBL4105749
Q16828	CHEMBL1250381
Q16831	CHEMBL4811
Q16832	CHEMBL5122
Q16850	CHEMBL3849
Q16853	CHEMBL3437
Q16854	CHEMBL5997
Q16873	CHEMBL1743183
Q16875	CHEMBL2331053
Q16877	CHEMBL3721311
Q16880	CHEMBL4739855
Q16891	CHEMBL4105768
Q17RW2	CHEMBL2364188
Q2M1P5	CHEMBL2021751
Q2M2H8	CHEMBL3833502
Q2M2I8	CHEMBL3830
Q2M385	CHEMBL3414409
Q2M3G0	CHEMBL1772928
Q2NL67	CHEMBL2380187
Q2TB90	CHEMBL1741200
Q2UY09	CHEMBL2364188
Q30154	CHEMBL3988561
Q32MK0	CHEMBL4627
Q32MZ4	CHEMBL4295838
Q3MHD2	CHEMBL4295839
Q3MIX3	CHEMBL4105886
Q3MJ16	CHEMBL3831242
Q3SYC2	CHEMBL2439944
Q3ZCM7	CHEMBL2095182
Q3ZCQ8	CHEMBL4295842
Q460N3	CHEMBL2176778
Q460N5	CHEMBL2176777
Q495A1	CHEMBL4630878
Q495T6	CHEMBL3638356
Q496J9	CHEMBL4665594
Q49AN0	CHEMBL4296116
Q4FZB7	CHEMBL2321645
Q4G0J3	CHEMBL4523314
Q4G176	CHEMBL4523315
Q4J6C6	CHEMBL2189128
Q4U2R8	CHEMBL1641347
Q4VC05	CHEMBL4630829
Q4VCS5	CHEMBL3392949
Q52WX2	CHEMBL1163129
Q53EL6	CHEMBL1781868
Q53EU6	CHEMBL4523318
Q53GD3	CHEMBL3713014
Q53GL7	CHEMBL2429708
Q53GQ0	CHEMBL5998
Q53H12	CHEMBL2417354
Q53H47	CHEMBL2189111
Q56A73	CHEMBL4523321
Q56UN5	CHEMBL6191
Q58A45	CHEMBL4105985
Q58F21	CHEMBL1795185
Q58FF8	CHEMBL4105858
Q58HT5	CHEMBL2375205
Q59H18	CHEMBL5260
Q5BJF2	CHEMBL4105907
Q5EB52	CHEMBL4523324
Q5H943	CHEMBL5169155
Q5H9R7	CHEMBL4105773
Q5HYI8	CHEMBL4105853
Q5JRX3	CHEMBL3124731
Q5JUK3	CHEMBL4739688
Q5JUR7	CHEMBL2189125
Q5JUX0	CHEMBL4523325
Q5JWF2	CHEMBL4295849
Q5JZY3	CHEMBL2363043
Q5MAI5	CHEMBL4523326
Q5MIZ7	CHEMBL4105714
Q5MY95	CHEMBL5338
Q5NUL3	CHEMBL5339
Q5QJU3	CHEMBL2331067
Q5QNW6	CHEMBL4295850
Q5R387	CHEMBL2097
Q5S007	CHEMBL1075104
Q5SWA1	CHEMBL4630830
Q5T2D3	CHEMBL4630831
Q5T3U5	CHEMBL2073687
Q5T4S7	CHEMBL4295851
Q5T601	CHEMBL4523872
Q5T6X5	CHEMBL4523873
Q5T7B8	CHEMBL3879840
Q5T848	CHEMBL4523874
Q5TC84	CHEMBL3638334
Q5TCH4	CHEMBL4523986
Q5TCQ9	CHEMBL5212
Q5TCX8	CHEMBL3627584
Q5TCY1	CHEMBL1926492
Q5TFE4	CHEMBL4295852
Q5TGZ0	CHEMBL4105956
Q5U5Z8	CHEMBL3886062
Q5UAW9	CHEMBL4523875
Q5VST6	CHEMBL2189132
Q5VT25	CHEMBL4516
Q5VT66	CHEMBL3706559
Q5VTY9	CHEMBL4296243
Q5VU57	CHEMBL4523328
Q5VV17	CHEMBL4630832
Q5VVQ6	CHEMBL4630833
Q5VVY1	CHEMBL4630834
Q5VW38	CHEMBL4630835
Q5VWG9	CHEMBL4523329
Q5VWK5	CHEMBL4296013
Q5VWQ8	CHEMBL4523330
Q5VWZ2	CHEMBL2189133
Q5VYK3	CHEMBL4295853
Q5W0Z9	CHEMBL5169156
Q5XG87	CHEMBL4680033
Q5XXA6	CHEMBL2046267
Q5ZPR3	CHEMBL3712879
Q68CZ2	CHEMBL4295861
Q68DU8	CHEMBL4523340
Q693B1	CHEMBL4630837
Q6B0I6	CHEMBL6138
Q6DHV7	CHEMBL1795150
Q6DT37	CHEMBL5615
Q6DWJ6	CHEMBL3632455
Q6E213	CHEMBL2375204
Q6EIG7	CHEMBL2176856
Q6FI81	CHEMBL4523341
Q6GMR7	CHEMBL1628475
Q6GPI1	CHEMBL4523987
Q6GQQ9	CHEMBL4630838
Q6IQ20	CHEMBL4630839
Q6IQ23	CHEMBL4296241
Q6IQ55	CHEMBL3337327
Q6J4K2	CHEMBL3763001
Q6JQN1	CHEMBL4105816
Q6L8Q7	CHEMBL4523342
Q6N021	CHEMBL4523344
Q6N069	CHEMBL3430873
Q6NS38	CHEMBL5169164
Q6NV75	CHEMBL4523876
Q6NVY1	CHEMBL3817723
Q6NXG1	CHEMBL4295865
Q6NYC1	CHEMBL4523345
Q6P0Q8	CHEMBL2417355
Q6P179	CHEMBL5043
Q6P1M0	CHEMBL4327
Q6P2M8	CHEMBL3627592
Q6P2P2	CHEMBL4105724
Q6P3R8	CHEMBL5044
Q6P4F1	CHEMBL2926
Q6P587	CHEMBL4523346
Q6P5Z2	CHEMBL3627581
Q6P6C2	CHEMBL3621037
Q6P988	CHEMBL3714531
Q6PCB7	CHEMBL2052038
Q6PCT2	CHEMBL5169165
Q6PEY2	CHEMBL2095182
Q6PFW1	CHEMBL5046
Q6PH85	CHEMBL4295866
Q6PHR2	CHEMBL5047
Q6PIU1	CHEMBL2362996
Q6PIU2	CHEMBL5048
Q6PJP8	CHEMBL4105903
Q6PKC3	CHEMBL4630840
Q6PL18	CHEMBL2150837
Q6Q4G3	CHEMBL3831223
Q6QHF9	CHEMBL2105
Q6QNK2	CHEMBL4523877
Q6R327	CHEMBL1795179
Q6R6M4	CHEMBL3739248
Q6RI45	CHEMBL3769296
Q6SA08	CHEMBL4295868
Q6SZW1	CHEMBL4523350
Q6TGC4	CHEMBL3638347
Q6U736	CHEMBL4523878
Q6UB28	CHEMBL3831223
Q6UB35	CHEMBL4295869
Q6UVM3	CHEMBL4739693
Q6UW60	CHEMBL4861
Q6UWM9	CHEMBL4523985
Q6UWP7	CHEMBL5169167
Q6UWR7	CHEMBL6033
Q6UWV6	CHEMBL6058
Q6UXH0	CHEMBL4523352
Q6UXS9	CHEMBL3831289
Q6V1X1	CHEMBL4657
Q6VAB6	CHEMBL3627583
Q6VVX0	CHEMBL4523986
Q6W5P4	CHEMBL5162
Q6XQN6	CHEMBL4523354
Q6XUX3	CHEMBL1908386
Q6XZF7	CHEMBL4295871
Q6Y7W6	CHEMBL2331055
Q6YP21	CHEMBL2046260
Q6ZMB0	CHEMBL2321631
Q6ZMC9	CHEMBL4523355
Q6ZMT4	CHEMBL2163177
Q6ZMV9	CHEMBL3308907
Q6ZN16	CHEMBL1163127
Q6ZN17	CHEMBL4295873
Q6ZN18	CHEMBL3137287
Q6ZNB5	CHEMBL3721310
Q6ZQN7	CHEMBL2073690
Q6ZQW0	CHEMBL3627587
Q6ZSR9	CHEMBL4105933
Q6ZVD8	CHEMBL1275209
Q6ZWB6	CHEMBL4523356
Q6ZWH5	CHEMBL3108655
Q709F0	CHEMBL4105707
Q70CQ3	CHEMBL4523357
Q70EL2	CHEMBL4630841
Q70Z44	CHEMBL2094132
Q71DI3	CHEMBL4295875
Q71SY5	CHEMBL5169169
Q71U36	CHEMBL3661
Q76I76	CHEMBL3351198
Q76LX8	CHEMBL2346492
Q76MJ5	CHEMBL4105932
Q7KZF4	CHEMBL3879865
Q7KZI7	CHEMBL3831
Q7L0J3	CHEMBL1998
Q7L1I2	CHEMBL4665594
Q7L2E3	CHEMBL4105814
Q7L5A8	CHEMBL4879483
Q7L7X3	CHEMBL5261
Q7L8S5	CHEMBL4630842
Q7L9L4	CHEMBL4295878
Q7LBC6	CHEMBL3784906
Q7LBE3	CHEMBL4523359
Q7LFL8	CHEMBL5169170
Q7LG56	CHEMBL3301398
Q7RTN6	CHEMBL1795198
Q7RTR8	CHEMBL4523360
Q7RTT9	CHEMBL3509593
Q7RTX0	CHEMBL1613742
Q7RTX1	CHEMBL3832641
Q7Z2E3	CHEMBL4523362
Q7Z2H8	CHEMBL1914279
Q7Z2K8	CHEMBL5266
Q7Z2W4	CHEMBL4295879
Q7Z2W7	CHEMBL1075319
Q7Z3E1	CHEMBL2380188
Q7Z3S7	CHEMBL2363032
Q7Z3U7	CHEMBL4105804
Q7Z406	CHEMBL4105888
Q7Z418	CHEMBL2331042
Q7Z434	CHEMBL4523363
Q7Z449	CHEMBL4523986
Q7Z478	CHEMBL4105909
Q7Z4H4	CHEMBL5267
Q7Z4S6	CHEMBL5169171
Q7Z4V5	CHEMBL4523364
Q7Z4W1	CHEMBL2314
Q7Z5Q5	CHEMBL2010628
Q7Z5W3	CHEMBL3588740
Q7Z601	CHEMBL2069161
Q7Z602	CHEMBL4523879
Q7Z628	CHEMBL4295880
Q7Z6Z7	CHEMBL4295881
Q7Z739	CHEMBL5169172
Q7Z7B1	CHEMBL4523365
Q7Z7M1	CHEMBL4523880
Q86SG6	CHEMBL2417353
Q86SK9	CHEMBL1275210
Q86SM5	CHEMBL4523881
Q86SM8	CHEMBL4523882
Q86SP6	CHEMBL4523883
Q86SQ4	CHEMBL4523884
Q86SQ6	CHEMBL4523885
Q86SR1	CHEMBL4523371
Q86T24	CHEMBL5069376
Q86TI2	CHEMBL4793
Q86TP1	CHEMBL2079850
Q86TW2	CHEMBL4105885
Q86TX2	CHEMBL2189136
Q86U44	CHEMBL4739695
Q86U86	CHEMBL1795184
Q86UD5	CHEMBL5209631
Q86UE8	CHEMBL5404
Q86UL3	CHEMBL4523372
Q86UW1	CHEMBL2073724
Q86UX6	CHEMBL5405
Q86UY6	CHEMBL4523373
Q86V24	CHEMBL3392947
Q86V81	CHEMBL4296014
Q86V86	CHEMBL5407
Q86VH2	CHEMBL3879867
Q86VL8	CHEMBL1743127
Q86VW1	CHEMBL2073722
Q86VZ1	CHEMBL4523886
Q86VZ5	CHEMBL3611965
Q86W10	CHEMBL4523375
Q86W47	CHEMBL4523376
Q86W56	CHEMBL1795143
Q86WA6	CHEMBL3308924
Q86WV6	CHEMBL4523377
Q86X55	CHEMBL5406
Q86X76	CHEMBL4295883
Q86XE5	CHEMBL5996
Q86XK2	CHEMBL4879484
Q86XP0	CHEMBL2287
Q86XP1	CHEMBL4105940
Q86XP3	CHEMBL4105782
Q86Y07	CHEMBL1649059
Q86Y34	CHEMBL3559707
Q86Y39	CHEMBL2363065
Q86Y97	CHEMBL2321644
Q86YI8	CHEMBL1764945
Q86YT5	CHEMBL3769293
Q86YV6	CHEMBL5426
Q86YV9	CHEMBL4295884
Q86Z02	CHEMBL5427
Q86Z14	CHEMBL4630720
Q86Z14	CHEMBL4804255
Q8IU57	CHEMBL3831284
Q8IU80	CHEMBL1795139
Q8IU85	CHEMBL5073
Q8IUC8	CHEMBL4523392
Q8IUR0	CHEMBL4295892
Q8IUX4	CHEMBL2007626
Q8IV08	CHEMBL2769
Q8IV61	CHEMBL3638
Q8IV63	CHEMBL3430761
Q8IVH8	CHEMBL5432
Q8IVM8	CHEMBL2073721
Q8IVT2	CHEMBL4295893
Q8IVT5	CHEMBL1938215
Q8IVV7	CHEMBL5169174
Q8IVW4	CHEMBL1163117
Q8IW41	CHEMBL3094
Q8IWE4	CHEMBL4295894
Q8IWK6	CHEMBL4523887
Q8IWQ3	CHEMBL4574
Q8IWT0	CHEMBL5069379
Q8IWU9	CHEMBL5433
Q8IWW8	CHEMBL4947
Q8IXJ6	CHEMBL4462
Q8IXL6	CHEMBL4879492
Q8IXL7	CHEMBL3509604
Q8IXQ6	CHEMBL4295895
Q8IY17	CHEMBL2189129
Q8IY84	CHEMBL3542
Q8IYB8	CHEMBL3642
Q8IYD1	CHEMBL4105974
Q8IYL9	CHEMBL3714081
Q8IYT8	CHEMBL5435
Q8IYW5	CHEMBL5169175
Q8IZ08	CHEMBL3309102
Q8IZ83	CHEMBL4295896
Q8IZC6	CHEMBL2364188
Q8IZD2	CHEMBL4523393
Q8IZF2	CHEMBL4523888
Q8IZF3	CHEMBL4523889
Q8IZF4	CHEMBL4523890
Q8IZF5	CHEMBL4523891
Q8IZF7	CHEMBL4523892
Q8IZK6	CHEMBL4879493
Q8IZL9	CHEMBL3559690
Q8IZP9	CHEMBL4523893
Q8IZS8	CHEMBL2363032
Q8IZX4	CHEMBL3108641
Q8N118	CHEMBL6048
Q8N122	CHEMBL3120040
Q8N130	CHEMBL4295900
Q8N183	CHEMBL2363065
Q8N1C3	CHEMBL2093872
Q8N1C3	CHEMBL2109243
Q8N1Q1	CHEMBL3912
Q8N2K0	CHEMBL5516
Q8N371	CHEMBL4523396
Q8N3A8	CHEMBL3091262
Q8N474	CHEMBL5517
Q8N4C8	CHEMBL5518
Q8N539	CHEMBL4523397
Q8N543	CHEMBL4523398
Q8N568	CHEMBL5519
Q8N573	CHEMBL4295901
Q8N5C8	CHEMBL4295902
Q8N5K1	CHEMBL4523399
Q8N5S9	CHEMBL5256
Q8N5Y8	CHEMBL4105981
Q8N5Z0	CHEMBL2046259
Q8N680	CHEMBL5069373
Q8N6M0	CHEMBL4630843
Q8N6M6	CHEMBL3831223
Q8N6P7	CHEMBL4804251
Q8N6T7	CHEMBL2163182
Q8N6U8	CHEMBL4523894
Q8N752	CHEMBL5520
Q8N884	CHEMBL4105728
Q8N8A2	CHEMBL4105772
Q8N8U2	CHEMBL3879857
Q8NA19	CHEMBL1287624
Q8NB16	CHEMBL1938217
Q8NB46	CHEMBL4105922
Q8NB78	CHEMBL1938208
Q8NB90	CHEMBL2311230
Q8NBP7	CHEMBL2929
Q8NBS9	CHEMBL4739698
Q8NCC3	CHEMBL4986
Q8NCG5	CHEMBL2239
Q8NCG7	CHEMBL5521
Q8NCL4	CHEMBL4523400
Q8NCM2	CHEMBL2362996
Q8NCP5	CHEMBL5069367
Q8NCQ2	CHEMBL3351201
Q8ND76	CHEMBL3885550
Q8ND76	CHEMBL4106161
Q8ND76	CHEMBL4296115
Q8ND76	CHEMBL4523634
Q8ND76	CHEMBL4523637
Q8NDF8	CHEMBL4680036
Q8NDH3	CHEMBL3831223
Q8NDV2	CHEMBL4523895
Q8NE63	CHEMBL1075167
Q8NEB9	CHEMBL1075165
Q8NEC5	CHEMBL1628462
Q8NER1	CHEMBL4794
Q8NER5	CHEMBL5642
Q8NET8	CHEMBL5522
Q8NEV1	CHEMBL3832943
Q8NEV4	CHEMBL5546
Q8NEZ4	CHEMBL2189113
Q8NF37	CHEMBL4295903
Q8NFD2	CHEMBL5547
Q8NFF2	CHEMBL5209636
Q8NFF5	CHEMBL3879869
Q8NFI3	CHEMBL5172
Q8NFJ5	CHEMBL4523896
Q8NFJ6	CHEMBL5548
Q8NFM4	CHEMBL2097167
Q8NFN8	CHEMBL4523897
Q8NFP7	CHEMBL4295904
Q8NFU5	CHEMBL4523401
Q8NFU7	CHEMBL4523402
Q8NFV4	CHEMBL2189134
Q8NG66	CHEMBL5638
Q8NG68	CHEMBL5549
Q8NGU9	CHEMBL4523898
Q8NHB7	CHEMBL3721312
Q8NHM5	CHEMBL3779760
Q8NHU3	CHEMBL3112379
Q8NHU6	CHEMBL4105828
Q8NI17	CHEMBL4630894
Q8NI60	CHEMBL5550
Q8NI77	CHEMBL4523403
Q8TAA3	CHEMBL2364701
Q8TAA3	CHEMBL3831201
Q8TAC2	CHEMBL4630845
Q8TAE7	CHEMBL2362996
Q8TAF3	CHEMBL3430885
Q8TAV3	CHEMBL2406897
Q8TAX0	CHEMBL4523406
Q8TB45	CHEMBL4105866
Q8TBC4	CHEMBL2016430
Q8TBE9	CHEMBL2401602
Q8TBX8	CHEMBL1770034
Q8TC07	CHEMBL4295905
Q8TCC7	CHEMBL1641348
Q8TCD5	CHEMBL3751653
Q8TCG1	CHEMBL2146355
Q8TCG2	CHEMBL3220
Q8TCT0	CHEMBL1764936
Q8TCT1	CHEMBL6113
Q8TCT7	CHEMBL4105912
Q8TCT8	CHEMBL4105833
Q8TCT9	CHEMBL4523407
Q8TCU5	CHEMBL4787
Q8TCW9	CHEMBL5649
Q8TD08	CHEMBL5198
Q8TD19	CHEMBL5257
Q8TD43	CHEMBL1628469
Q8TDB8	CHEMBL4295906
Q8TDC3	CHEMBL5650
Q8TDD5	CHEMBL1293243
Q8TDN1	CHEMBL2362996
Q8TDN2	CHEMBL2362996
Q8TDN7	CHEMBL3351194
Q8TDQ0	CHEMBL4630879
Q8TDR2	CHEMBL5651
Q8TDS4	CHEMBL3785
Q8TDS5	CHEMBL1628461
Q8TDS7	CHEMBL4523899
Q8TDT2	CHEMBL4523900
Q8TDU6	CHEMBL5409
Q8TDU9	CHEMBL1628473
Q8TDV0	CHEMBL3085617
Q8TDV2	CHEMBL4523901
Q8TDV5	CHEMBL5652
Q8TDX5	CHEMBL4105941
Q8TDX6	CHEMBL2040705
Q8TDX7	CHEMBL4849
Q8TE04	CHEMBL3407326
Q8TE23	CHEMBL1613741
Q8TEA1	CHEMBL5169179
Q8TEK3	CHEMBL1795117
Q8TET4	CHEMBL2520
Q8TF66	CHEMBL4295907
Q8TF76	CHEMBL1075163
Q8WTQ7	CHEMBL1075133
Q8WTS6	CHEMBL5523
Q8WTT0	CHEMBL2176855
Q8WTV0	CHEMBL1914272
Q8WTW3	CHEMBL4105805
Q8WU08	CHEMBL6150
Q8WUH6	CHEMBL4295908
Q8WUI4	CHEMBL2716
Q8WUK0	CHEMBL2052033
Q8WUM9	CHEMBL4295909
Q8WUW1	CHEMBL3758062
Q8WVB3	CHEMBL5169180
Q8WVY7	CHEMBL3317333
Q8WW43	CHEMBL2094135
Q8WWL7	CHEMBL2094127
Q8WWQ0	CHEMBL2176773
Q8WWR8	CHEMBL4174
Q8WWT9	CHEMBL3712947
Q8WWX8	CHEMBL1744524
Q8WXA8	CHEMBL4296091
Q8WXB1	CHEMBL3588741
Q8WXD0	CHEMBL1628482
Q8WXE1	CHEMBL4106138
Q8WXI2	CHEMBL1938216
Q8WXI7	CHEMBL3580482
Q8WXR4	CHEMBL5654
Q8WXS5	CHEMBL4296110
Q8WY07	CHEMBL5209633
Q8WYB5	CHEMBL3774300
Q8WYN0	CHEMBL5169181
Q8WYR1	CHEMBL3430881
Q8WZA0	CHEMBL4296296
Q8WZA1	CHEMBL2321629
Q8WZA2	CHEMBL2029198
Q92499	CHEMBL2010634
Q92508	CHEMBL5169186
Q92519	CHEMBL4523417
Q92523	CHEMBL2216739
Q92542	CHEMBL3418
Q92547	CHEMBL3175
Q92551	CHEMBL4523418
Q92560	CHEMBL1293314
Q92564	CHEMBL4295914
Q92569	CHEMBL3559703
Q92570	CHEMBL1961792
Q92583	CHEMBL4295915
Q92597	CHEMBL4295916
Q92598	CHEMBL3706560
Q92600	CHEMBL4105961
Q92608	CHEMBL4105810
Q92616	CHEMBL3706558
Q92630	CHEMBL4376
Q92633	CHEMBL3819
Q92688	CHEMBL4295917
Q92696	CHEMBL5249
Q92698	CHEMBL2146297
Q92729	CHEMBL1961785
Q92731	CHEMBL242
Q92736	CHEMBL4403
Q92743	CHEMBL4523419
Q92753	CHEMBL3091268
Q92769	CHEMBL1937
Q92772	CHEMBL5728
Q92793	CHEMBL5747
Q92794	CHEMBL3774298
Q92800	CHEMBL2189116
Q92806	CHEMBL3038490
Q92820	CHEMBL2223
Q92824	CHEMBL2826
Q92830	CHEMBL5501
Q92831	CHEMBL5500
Q92835	CHEMBL1781870
Q92841	CHEMBL4105760
Q92843	CHEMBL4677
Q92844	CHEMBL4523420
Q92847	CHEMBL4616
Q92851	CHEMBL5037
Q92854	CHEMBL4630887
Q92876	CHEMBL4448
Q92887	CHEMBL5748
Q92888	CHEMBL4295918
Q92889	CHEMBL3883316
Q92905	CHEMBL4105809
Q92915	CHEMBL4739699
Q92918	CHEMBL5749
Q92934	CHEMBL3817
Q92945	CHEMBL1795105
Q92947	CHEMBL3817721
Q92952	CHEMBL2369
Q92953	CHEMBL2321618
Q92959	CHEMBL2073703
Q92993	CHEMBL5750
Q92994	CHEMBL4523421
Q92995	CHEMBL3407324
Q92997	CHEMBL6028
Q93008	CHEMBL2406899
Q93009	CHEMBL2157850
Q93084	CHEMBL2401
Q93086	CHEMBL4942
Q93088	CHEMBL4328
Q93096	CHEMBL1075169
Q93100	CHEMBL2111324
Q969D9	CHEMBL3712931
Q969F8	CHEMBL5413
Q969H4	CHEMBL4296242
Q969M7	CHEMBL4523422
Q969N4	CHEMBL4523902
Q969P6	CHEMBL2362989
Q969S8	CHEMBL5103
Q969T7	CHEMBL4295921
Q969U7	CHEMBL3885624
Q969V1	CHEMBL5038
Q969Z3	CHEMBL4523423
Q96A54	CHEMBL3392946
Q96AD5	CHEMBL3822353
Q96AE4	CHEMBL4295922
Q96AG4	CHEMBL2216743
Q96AM1	CHEMBL4523903
Q96AV8	CHEMBL4630726
Q96B36	CHEMBL1255161
Q96B86	CHEMBL4630886
Q96BD0	CHEMBL2073679
Q96BI3	CHEMBL2094135
Q96BR1	CHEMBL6186
Q96BZ4	CHEMBL4879501
Q96C00	CHEMBL5069365
Q96C36	CHEMBL4295923
Q96C86	CHEMBL1949488
Q96CA5	CHEMBL1075127
Q96CH1	CHEMBL4523904
Q96CX2	CHEMBL4523424
Q96D31	CHEMBL2384891
Q96D53	CHEMBL5753
Q96DB2	CHEMBL3310
Q96DC9	CHEMBL4630847
Q96DT7	CHEMBL5069372
Q96EB6	CHEMBL4506
Q96EG1	CHEMBL2189124
Q96EP0	CHEMBL4296109
Q96ES7	CHEMBL4523425
Q96F10	CHEMBL3509592
Q96F24	CHEMBL4295924
Q96F46	CHEMBL3580485
Q96FE5	CHEMBL3712965
Q96FI4	CHEMBL4523426
Q96FJ0	CHEMBL4630848
Q96FL8	CHEMBL1743126
Q96FL9	CHEMBL4523427
Q96FW1	CHEMBL4523428
Q96G61	CHEMBL4296042
Q96G91	CHEMBL4867
Q96GD4	CHEMBL2185
Q96GG9	CHEMBL4105838
Q96GW9	CHEMBL4739700
Q96GX5	CHEMBL4105826
Q96HE7	CHEMBL1671609
Q96HI0	CHEMBL4802012
Q96HS1	CHEMBL4802013
Q96I25	CHEMBL4680038
Q96IV0	CHEMBL4523429
Q96IY4	CHEMBL3419
Q96J02	CHEMBL4295925
Q96J66	CHEMBL2073702
Q96J92	CHEMBL1795196
Q96JB2	CHEMBL4105842
Q96JB6	CHEMBL4295926
Q96JH7	CHEMBL4630849
Q96JM7	CHEMBL1287623
Q96JP5	CHEMBL4739701
Q96K76	CHEMBL2157851
Q96KB5	CHEMBL4896
Q96KK3	CHEMBL2362996
Q96KN8	CHEMBL4630850
Q96KQ7	CHEMBL6032
Q96KS0	CHEMBL3028
Q96L34	CHEMBL5754
Q96L42	CHEMBL2362996
Q96L73	CHEMBL3588738
Q96LA8	CHEMBL1275221
Q96LA9	CHEMBL4523430
Q96LB0	CHEMBL4523905
Q96LB1	CHEMBL5849
Q96LB2	CHEMBL5850
Q96LC7	CHEMBL4303061
Q96LD8	CHEMBL1741207
Q96LI5	CHEMBL4105957
Q96MU7	CHEMBL5169187
Q96MW5	CHEMBL4105880
Q96NT5	CHEMBL1795188
Q96NX5	CHEMBL5258
Q96NY8	CHEMBL3712928
Q96NZ9	CHEMBL4879502
Q96P09	CHEMBL5851
Q96P11	CHEMBL4802014
Q96P20	CHEMBL1741208
Q96P65	CHEMBL5852
Q96P66	CHEMBL4523906
Q96P67	CHEMBL4523907
Q96P68	CHEMBL2150840
Q96P69	CHEMBL4523908
Q96PC2	CHEMBL4523431
Q96PD4	CHEMBL4630880
Q96PD7	CHEMBL5853
Q96PE1	CHEMBL4523909
Q96PF2	CHEMBL6014
Q96PH1	CHEMBL1926497
Q96PN6	CHEMBL5854
Q96PN8	CHEMBL3414416
Q96PR1	CHEMBL2363009
Q96PY6	CHEMBL5855
Q96Q04	CHEMBL4523432
Q96Q15	CHEMBL1795195
Q96Q40	CHEMBL5856
Q96Q83	CHEMBL3112376
Q96Q89	CHEMBL2021752
Q96QE3	CHEMBL1741209
Q96QK1	CHEMBL2216744
Q96QT4	CHEMBL1250412
Q96QU1	CHEMBL6112
Q96QZ7	CHEMBL4295927
Q96RD7	CHEMBL3779756
Q96RG2	CHEMBL6054
Q96RI0	CHEMBL4691
Q96RI1	CHEMBL2047
Q96RI8	CHEMBL4523910
Q96RI9	CHEMBL4523911
Q96RJ0	CHEMBL5857
Q96RJ3	CHEMBL4630882
Q96RP8	CHEMBL2773
Q96RR4	CHEMBL5284
Q96RU2	CHEMBL2157853
Q96RU8	CHEMBL4524042
Q96S37	CHEMBL6120
Q96S38	CHEMBL1795193
Q96S44	CHEMBL1938223
Q96S53	CHEMBL2069163
Q96SB4	CHEMBL4375
Q96SN7	CHEMBL4888450
Q96SQ9	CHEMBL4523986
Q96SW2	CHEMBL3763008
Q96T53	CHEMBL3588729
Q96T54	CHEMBL4523433
Q96T60	CHEMBL4523434
Q96T88	CHEMBL2424510
Q99062	CHEMBL1996
Q99075	CHEMBL3286070
Q99250	CHEMBL4187
Q99259	CHEMBL2614
Q99418	CHEMBL5995
Q99436	CHEMBL3347256
Q99439	CHEMBL4295930
Q99460	CHEMBL2364701
Q99466	CHEMBL3407321
Q99489	CHEMBL5887
Q99497	CHEMBL5169188
Q99500	CHEMBL3892
Q99504	CHEMBL4296245
Q99518	CHEMBL3542432
Q99519	CHEMBL2726
Q99523	CHEMBL3091
Q99527	CHEMBL5872
Q99536	CHEMBL4802015
Q99538	CHEMBL4244
Q99542	CHEMBL1938214
Q99549	CHEMBL1741210
Q99558	CHEMBL5888
Q99570	CHEMBL2189144
Q99571	CHEMBL2104
Q99572	CHEMBL4805
Q99593	CHEMBL1687681
Q99594	CHEMBL4523435
Q99598	CHEMBL4524025
Q99619	CHEMBL3325308
Q99623	CHEMBL4295931
Q99627	CHEMBL4296015
Q99640	CHEMBL3984
Q99650	CHEMBL4630885
Q99661	CHEMBL5967
Q99677	CHEMBL5968
Q99678	CHEMBL4523912
Q99679	CHEMBL4523913
Q99680	CHEMBL4523914
Q99683	CHEMBL5285
Q99685	CHEMBL4191
Q99700	CHEMBL1795085
Q99705	CHEMBL344
Q99707	CHEMBL2150844
Q99714	CHEMBL4159
Q99720	CHEMBL287
Q99733	CHEMBL3886061
Q99735	CHEMBL1743185
Q99741	CHEMBL2311228
Q99755	CHEMBL5969
Q99757	CHEMBL2189153
Q99759	CHEMBL5970
Q99788	CHEMBL3540
Q99795	CHEMBL3712927
Q99807	CHEMBL4630851
Q99808	CHEMBL1997
Q99814	CHEMBL1744522
Q99816	CHEMBL6157
Q99828	CHEMBL4879503
Q99835	CHEMBL5971
Q99836	CHEMBL5919
Q99873	CHEMBL5524
Q99884	CHEMBL3317335
Q99895	CHEMBL2386
Q99928	CHEMBL3885573
Q99928	CHEMBL3885577
Q99943	CHEMBL3583
Q99952	CHEMBL3351197
Q99972	CHEMBL4105967
Q99986	CHEMBL1293199
Q99988	CHEMBL3120039
Q9BPV8	CHEMBL3321651
Q9BPW8	CHEMBL4295933
Q9BPW9	CHEMBL5974
Q9BPX1	CHEMBL3712868
Q9BPZ2	CHEMBL4523440
Q9BPZ7	CHEMBL4523999
Q9BQ31	CHEMBL2362996
Q9BQ51	CHEMBL3713006
Q9BQ69	CHEMBL4295934
Q9BQA1	CHEMBL3108649
Q9BQB4	CHEMBL3580487
Q9BQB6	CHEMBL1930
Q9BQE3	CHEMBL3797011
Q9BQE9	CHEMBL4630852
Q9BQF6	CHEMBL1741213
Q9BQI3	CHEMBL6029
Q9BQT8	CHEMBL4680040
Q9BR01	CHEMBL1743298
Q9BRA2	CHEMBL4295935
Q9BRQ5	CHEMBL4888461
Q9BRQ6	CHEMBL4105993
Q9BRS2	CHEMBL5975
Q9BRS8	CHEMBL4739702
Q9BRX8	CHEMBL3879824
Q9BSD7	CHEMBL4295936
Q9BSJ8	CHEMBL3621033
Q9BSW2	CHEMBL3638353
Q9BT73	CHEMBL1075137
Q9BTE7	CHEMBL4295937
Q9BTU6	CHEMBL2251
Q9BTY2	CHEMBL2271
Q9BU61	CHEMBL2363065
Q9BU89	CHEMBL4523441
Q9BUB5	CHEMBL4718
Q9BUF5	CHEMBL2095182
Q9BUL5	CHEMBL2424508
Q9BUT1	CHEMBL5169190
Q9BV23	CHEMBL2189127
Q9BV47	CHEMBL2295562
Q9BV57	CHEMBL3817720
Q9BV86	CHEMBL4523442
Q9BVA0	CHEMBL3879844
Q9BVA1	CHEMBL2095182
Q9BVC4	CHEMBL4296661
Q9BVC4	CHEMBL4523999
Q9BVG8	CHEMBL1075119
Q9BVJ7	CHEMBL2396506
Q9BVS4	CHEMBL6000
Q9BW19	CHEMBL3351200
Q9BW60	CHEMBL6001
Q9BW91	CHEMBL4105984
Q9BW92	CHEMBL3351186
Q9BWU1	CHEMBL6002
Q9BX84	CHEMBL1628470
Q9BX93	CHEMBL4524005
Q9BXA5	CHEMBL2150838
Q9BXA6	CHEMBL3627582
Q9BXA7	CHEMBL6003
Q9BXC0	CHEMBL1075101
Q9BXC1	CHEMBL3562167
Q9BXF3	CHEMBL3108639
Q9BXM7	CHEMBL3337330
Q9BXN2	CHEMBL2034810
Q9BXR0	CHEMBL6004
Q9BXT2	CHEMBL2363032
Q9BXU1	CHEMBL6151
Q9BXW4	CHEMBL4879505
Q9BXW9	CHEMBL2157857
Q9BY08	CHEMBL2311238
Q9BY21	CHEMBL4523915
Q9BY32	CHEMBL4105788
Q9BY41	CHEMBL3192
Q9BY44	CHEMBL4295938
Q9BY64	CHEMBL6189
Q9BY66	CHEMBL5169191
Q9BYC5	CHEMBL3596087
Q9BYF1	CHEMBL3736
Q9BYG3	CHEMBL4523443
Q9BYJ9	CHEMBL5169192
Q9BYM8	CHEMBL4296109
Q9BYP7	CHEMBL6055
Q9BYT3	CHEMBL6005
Q9BYV9	CHEMBL5069364
Q9BYW2	CHEMBL3108647
Q9BYX4	CHEMBL4739862
Q9BZ11	CHEMBL6121
Q9BZ23	CHEMBL3407327
Q9BZ95	CHEMBL3108646
Q9BZE4	CHEMBL4105780
Q9BZJ3	CHEMBL2095193
Q9BZJ6	CHEMBL4523916
Q9BZJ7	CHEMBL4523917
Q9BZJ8	CHEMBL4523918
Q9BZL6	CHEMBL4900
Q9BZM1	CHEMBL6122
Q9BZM2	CHEMBL4278
Q9BZP6	CHEMBL1293197
Q9BZX2	CHEMBL2469
Q9C000	CHEMBL1741214
Q9C098	CHEMBL6123
Q9C0B1	CHEMBL2331065
Q9C0C2	CHEMBL4295939
Q9C0C9	CHEMBL4295940
Q9C0H9	CHEMBL2150836
Q9C0K7	CHEMBL4105756
Q9GZN0	CHEMBL3399910
Q9GZQ4	CHEMBL1075144
Q9GZQ6	CHEMBL5951
Q9GZQ8	CHEMBL4879514
Q9GZR1	CHEMBL1741215
Q9GZR5	CHEMBL5169195
Q9GZT4	CHEMBL4460
Q9GZT9	CHEMBL5697
Q9GZU1	CHEMBL4524043
Q9GZU7	CHEMBL1795098
Q9GZV3	CHEMBL4507
Q9GZV8	CHEMBL5214856
Q9GZV9	CHEMBL3713913
Q9GZX6	CHEMBL3712915
Q9GZZ1	CHEMBL4630854
Q9GZZ6	CHEMBL2109238
Q9GZZ9	CHEMBL2016429
Q9H008	CHEMBL5169196
Q9H015	CHEMBL2073668
Q9H093	CHEMBL5698
Q9H0A0	CHEMBL4105935
Q9H0E3	CHEMBL1229012
Q9H0E9	CHEMBL3588731
Q9H0F6	CHEMBL4296109
Q9H0H5	CHEMBL2146306
Q9H0J9	CHEMBL2429709
Q9H0K1	CHEMBL5699
Q9H0M4	CHEMBL4739863
Q9H0R8	CHEMBL4879515
Q9H160	CHEMBL3784904
Q9H1C0	CHEMBL5700
Q9H1D0	CHEMBL1628465
Q9H1R2	CHEMBL2396507
Q9H1R3	CHEMBL2777
Q9H1Y3	CHEMBL4523919
Q9H227	CHEMBL3865
Q9H228	CHEMBL2274
Q9H237	CHEMBL1255163
Q9H244	CHEMBL2001
Q9H252	CHEMBL2363011
Q9H255	CHEMBL4523454
Q9H2G2	CHEMBL4202
Q9H2H0	CHEMBL5169197
Q9H2J7	CHEMBL3351189
Q9H2K2	CHEMBL6154
Q9H2K8	CHEMBL5701
Q9H2M3	CHEMBL2163167
Q9H2S1	CHEMBL4469
Q9H2U1	CHEMBL2040704
Q9H2X3	CHEMBL2176858
Q9H2X6	CHEMBL4576
Q9H2X9	CHEMBL1615384
Q9H300	CHEMBL4879516
Q9H3H5	CHEMBL4739704
Q9H3L0	CHEMBL4879517
Q9H3M0	CHEMBL2362996
Q9H3M9	CHEMBL4630855
Q9H3N1	CHEMBL4295941
Q9H3N8	CHEMBL3759
Q9H3R0	CHEMBL6175
Q9H3S4	CHEMBL6155
Q9H3Y6	CHEMBL5703
Q9H422	CHEMBL4577
Q9H461	CHEMBL3559689
Q9H492	CHEMBL4879518
Q9H4A3	CHEMBL1075173
Q9H4A4	CHEMBL2432
Q9H4B4	CHEMBL4897
Q9H4B7	CHEMBL1915
Q9H4M9	CHEMBL4295942
Q9H4Q3	CHEMBL5214859
Q9H4Q4	CHEMBL5214854
Q9H4Y5	CHEMBL2161
Q9H5I1	CHEMBL1795177
Q9H5J4	CHEMBL5704
Q9H5X1	CHEMBL4295943
Q9H665	CHEMBL2029192
Q9H6I2	CHEMBL4523455
Q9H6P5	CHEMBL6153
Q9H6S1	CHEMBL4523456
Q9H6Z9	CHEMBL5705
Q9H773	CHEMBL3769292
Q9H792	CHEMBL3627585
Q9H7B4	CHEMBL2321643
Q9H7D0	CHEMBL4739705
Q9H7E2	CHEMBL3879852
Q9H7M9	CHEMBL4523457
Q9H7X0	CHEMBL4630856
Q9H7Z6	CHEMBL1932912
Q9H7Z7	CHEMBL4411
Q9H816	CHEMBL4105944
Q9H840	CHEMBL4105841
Q9H853	CHEMBL4295944
Q9H857	CHEMBL4295945
Q9H867	CHEMBL3588742
Q9H8M2	CHEMBL3108640
Q9H8P0	CHEMBL2363075
Q9H903	CHEMBL4105963
Q9H910	CHEMBL4295946
Q9H930	CHEMBL4105997
Q9H999	CHEMBL3407328
Q9H9A5	CHEMBL4105878
Q9H9B1	CHEMBL6031
Q9H9E3	CHEMBL4105733
Q9H9Q2	CHEMBL5706
Q9H9S0	CHEMBL3580527
Q9H9Z2	CHEMBL4523458
Q9HA47	CHEMBL5682
Q9HA64	CHEMBL4295947
Q9HAN9	CHEMBL4802016
Q9HAQ2	CHEMBL2321637
Q9HAS3	CHEMBL5707
Q9HAT2	CHEMBL4523459
Q9HAU4	CHEMBL4523460
Q9HAU8	CHEMBL3831223
Q9HAW7	CHEMBL1743317
Q9HAW8	CHEMBL1743320
Q9HAW9	CHEMBL1743318
Q9HAZ1	CHEMBL4203
Q9HAZ2	CHEMBL5214855
Q9HB03	CHEMBL5791
Q9HB14	CHEMBL4523461
Q9HB21	CHEMBL3763005
Q9HB29	CHEMBL4665591
Q9HB40	CHEMBL2189131
Q9HB55	CHEMBL5792
Q9HB71	CHEMBL4295948
Q9HB89	CHEMBL1075178
Q9HBA0	CHEMBL3119
Q9HBE4	CHEMBL4665586
Q9HBH1	CHEMBL4647
Q9HBH9	CHEMBL4204
Q9HBI0	CHEMBL5793
Q9HBI6	CHEMBL4295949
Q9HBK9	CHEMBL4295950
Q9HBL8	CHEMBL4802017
Q9HBW0	CHEMBL3724
Q9HBW9	CHEMBL4523920
Q9HBX9	CHEMBL1293316
Q9HBY0	CHEMBL1741216
Q9HBY8	CHEMBL5794
Q9HC16	CHEMBL1741217
Q9HC29	CHEMBL1293266
Q9HC38	CHEMBL4295951
Q9HC52	CHEMBL3232684
Q9HC62	CHEMBL2176776
Q9HC97	CHEMBL1293267
Q9HC98	CHEMBL4309
Q9HCE5	CHEMBL4106140
Q9HCE7	CHEMBL3879859
Q9HCF6	CHEMBL3559708
Q9HCG7	CHEMBL3761
Q9HCL2	CHEMBL3734642
Q9HCN6	CHEMBL3308912
Q9HCP0	CHEMBL2426
Q9HCR9	CHEMBL2717
Q9HCS2	CHEMBL3509589
Q9HCT0	CHEMBL2362983
Q9HCU0	CHEMBL3712975
Q9HCU8	CHEMBL2363042
Q9HCX4	CHEMBL4105799
Q9HD26	CHEMBL1741218
Q9HD36	CHEMBL5988
Q9HD64	CHEMBL4295952
Q9NNX6	CHEMBL1795114
Q9NP31	CHEMBL3217401
Q9NP56	CHEMBL4716
Q9NP58	CHEMBL2007630
Q9NP59	CHEMBL3392948
Q9NP77	CHEMBL3317331
Q9NP78	CHEMBL1293189
Q9NP80	CHEMBL2189126
Q9NP84	CHEMBL3712850
Q9NP87	CHEMBL1914260
Q9NP99	CHEMBL1697674
Q9NPA2	CHEMBL1795103
Q9NPB1	CHEMBL3751654
Q9NPC1	CHEMBL3191
Q9NPC2	CHEMBL2321614
Q9NPC7	CHEMBL5069362
Q9NPD5	CHEMBL1743121
Q9NPD8	CHEMBL4105763
Q9NPF7	CHEMBL2364154
Q9NPH3	CHEMBL4665591
Q9NPH3	CHEMBL4804256
Q9NPH5	CHEMBL1250375
Q9NPI1	CHEMBL3085622
Q9NPI8	CHEMBL2157856
Q9NPJ3	CHEMBL4295957
Q9NPP4	CHEMBL4630857
Q9NPQ8	CHEMBL4296100
Q9NQ25	CHEMBL3559386
Q9NQ66	CHEMBL4034
Q9NQ84	CHEMBL4523921
Q9NQ88	CHEMBL4295958
Q9NQ90	CHEMBL4105767
Q9NQA5	CHEMBL1628474
Q9NQB0	CHEMBL3038511
Q9NQC3	CHEMBL3712895
Q9NQC7	CHEMBL4630858
Q9NQH7	CHEMBL3831223
Q9NQR1	CHEMBL1795176
Q9NQS5	CHEMBL3714079
Q9NQS7	CHEMBL3430907
Q9NQS7	CHEMBL4106141
Q9NQU5	CHEMBL4311
Q9NQV5	CHEMBL5214857
Q9NQV6	CHEMBL5214863
Q9NQV7	CHEMBL3588737
Q9NQV8	CHEMBL5214864
Q9NQW5	CHEMBL5214861
Q9NQW7	CHEMBL3782
Q9NQX0	CHEMBL5214858
Q9NQY0	CHEMBL4295959
Q9NQZ5	CHEMBL3399912
Q9NR19	CHEMBL4523467
Q9NR20	CHEMBL1075115
Q9NR21	CHEMBL2380189
Q9NR22	CHEMBL3108648
Q9NR30	CHEMBL4296016
Q9NR31	CHEMBL4295960
Q9NR48	CHEMBL3588739
Q9NR50	CHEMBL4295961
Q9NR56	CHEMBL1293317
Q9NR61	CHEMBL3712916
Q9NR63	CHEMBL3713687
Q9NR71	CHEMBL2021754
Q9NR80	CHEMBL4296093
Q9NR82	CHEMBL2925
Q9NR96	CHEMBL5804
Q9NR97	CHEMBL5805
Q9NRA0	CHEMBL3023
Q9NRA2	CHEMBL4630859
Q9NRC8	CHEMBL2163184
Q9NRE1	CHEMBL4707
Q9NRF9	CHEMBL3833525
Q9NRG4	CHEMBL2169716
Q9NRH2	CHEMBL1908384
Q9NRL2	CHEMBL4105737
Q9NRM0	CHEMBL2052034
Q9NRM7	CHEMBL5907
Q9NRN7	CHEMBL3137295
Q9NRP7	CHEMBL4312
Q9NRR2	CHEMBL4955
Q9NRR8	CHEMBL3308925
Q9NRS4	CHEMBL2331048
Q9NRW4	CHEMBL3924
Q9NRX3	CHEMBL2363065
Q9NRX4	CHEMBL5169200
Q9NRY4	CHEMBL4523646
Q9NS00	CHEMBL2321633
Q9NS40	CHEMBL2362996
Q9NS61	CHEMBL2189164
Q9NS66	CHEMBL4523922
Q9NS67	CHEMBL4523923
Q9NS75	CHEMBL4330
Q9NS86	CHEMBL3351212
Q9NS87	CHEMBL3632454
Q9NSA0	CHEMBL2073677
Q9NSA2	CHEMBL2362996
Q9NSA3	CHEMBL4523468
Q9NSD5	CHEMBL4535
Q9NSD7	CHEMBL1628472
Q9NSD9	CHEMBL4105969
Q9NSE4	CHEMBL4105821
Q9NSI6	CHEMBL3351192
Q9NSY1	CHEMBL4522
Q9NTG7	CHEMBL4461
Q9NTK5	CHEMBL4105704
Q9NU22	CHEMBL4105779
Q9NUA8	CHEMBL5069378
Q9NUW8	CHEMBL1075138
Q9NUX5	CHEMBL5908
Q9NV35	CHEMBL4105827
Q9NVJ2	CHEMBL4295962
Q9NVM4	CHEMBL3562175
Q9NVS9	CHEMBL3271932
Q9NWH9	CHEMBL4523469
Q9NWM0	CHEMBL2176769
Q9NWM8	CHEMBL2342
Q9NWT6	CHEMBL5909
Q9NWT8	CHEMBL5910
Q9NWW9	CHEMBL4630860
Q9NWZ3	CHEMBL3778
Q9NX14	CHEMBL2363065
Q9NX46	CHEMBL4295963
Q9NX63	CHEMBL4105877
Q9NX74	CHEMBL3879825
Q9NXA8	CHEMBL2163183
Q9NXB9	CHEMBL5911
Q9NXG6	CHEMBL3047
Q9NXS2	CHEMBL3638349
Q9NY33	CHEMBL4520
Q9NY46	CHEMBL5163
Q9NY47	CHEMBL3896
Q9NY57	CHEMBL5912
Q9NY59	CHEMBL4523470
Q9NY64	CHEMBL4295964
Q9NY65	CHEMBL3714503
Q9NY91	CHEMBL1770047
Q9NYA1	CHEMBL4394
Q9NYB0	CHEMBL3751647
Q9NYB5	CHEMBL2073697
Q9NYG8	CHEMBL3714486
Q9NYJ7	CHEMBL4630888
Q9NYJ8	CHEMBL4295965
Q9NYK1	CHEMBL5936
Q9NYL2	CHEMBL3886
Q9NYM4	CHEMBL4523924
Q9NYP7	CHEMBL5937
Q9NYQ3	CHEMBL2169732
Q9NYV4	CHEMBL3559692
Q9NYV7	CHEMBL3309106
Q9NYV8	CHEMBL3309105
Q9NYV9	CHEMBL4523471
Q9NYW0	CHEMBL3559704
Q9NYW1	CHEMBL3309110
Q9NYW2	CHEMBL3988599
Q9NYW3	CHEMBL4523472
Q9NYW4	CHEMBL4523473
Q9NYW5	CHEMBL3309107
Q9NYW6	CHEMBL4523474
Q9NYW7	CHEMBL4523475
Q9NYY1	CHEMBL3713449
Q9NYY3	CHEMBL5938
Q9NYZ4	CHEMBL4630877
Q9NZ08	CHEMBL5939
Q9NZ20	CHEMBL4667
Q9NZ42	CHEMBL2374
Q9NZ45	CHEMBL1795168
Q9NZB2	CHEMBL4295966
Q9NZD1	CHEMBL4523925
Q9NZH0	CHEMBL4523926
Q9NZJ5	CHEMBL6030
Q9NZJ9	CHEMBL4295967
Q9NZK7	CHEMBL2154
Q9NZM1	CHEMBL4523476
Q9NZN5	CHEMBL4523477
Q9NZN8	CHEMBL4105920
Q9NZQ7	CHEMBL3580522
Q9NZQ8	CHEMBL1628468
Q9NZT2	CHEMBL4105797
Q9NZV8	CHEMBL5885
Q9P032	CHEMBL2363065
Q9P0G3	CHEMBL2641
Q9P0J0	CHEMBL4105781
Q9P0L2	CHEMBL5940
Q9P0U3	CHEMBL1909484
Q9P0U4	CHEMBL5169201
Q9P0X4	CHEMBL5558
Q9P0Z9	CHEMBL2254
Q9P1P5	CHEMBL4523927
Q9P1W9	CHEMBL4523
Q9P1Z3	CHEMBL1795173
Q9P246	CHEMBL4296084
Q9P275	CHEMBL4630861
Q9P286	CHEMBL4524
Q9P289	CHEMBL5941
Q9P296	CHEMBL4523478
Q9P2H5	CHEMBL4630862
Q9P2J5	CHEMBL3258
Q9P2K3	CHEMBL4296112
Q9P2K3	CHEMBL4296114
Q9P2K8	CHEMBL5358
Q9P2R7	CHEMBL4105973
Q9P2T1	CHEMBL4296017
Q9P2Y5	CHEMBL4296018
Q9UBB5	CHEMBL3707462
Q9UBC3	CHEMBL6095
Q9UBC9	CHEMBL4295970
Q9UBE0	CHEMBL1615388
Q9UBE8	CHEMBL5364
Q9UBF8	CHEMBL3268
Q9UBK2	CHEMBL6116
Q9UBL3	CHEMBL3137282
Q9UBL9	CHEMBL2531
Q9UBM7	CHEMBL2169735
Q9UBN1	CHEMBL2363032
Q9UBN4	CHEMBL4295971
Q9UBN7	CHEMBL1865
Q9UBP0	CHEMBL5169203
Q9UBQ7	CHEMBL4295972
Q9UBR1	CHEMBL3430874
Q9UBR2	CHEMBL4160
Q9UBS0	CHEMBL3111
Q9UBS5	CHEMBL2064
Q9UBT2	CHEMBL2095174
Q9UBT2	CHEMBL3137290
Q9UBT6	CHEMBL5365
Q9UBU3	CHEMBL1921664
Q9UBU7	CHEMBL4483
Q9UBU8	CHEMBL4630863
Q9UBV8	CHEMBL4105771
Q9UBX1	CHEMBL2517
Q9UBX7	CHEMBL3031
Q9UBY0	CHEMBL3133
Q9UBY5	CHEMBL3250
Q9UBZ9	CHEMBL4295973
Q9UDW1	CHEMBL2388
Q9UDY8	CHEMBL3632452
Q9UEE5	CHEMBL4525
Q9UEF7	CHEMBL4523485
Q9UEW8	CHEMBL1163108
Q9UF02	CHEMBL2363032
Q9UF12	CHEMBL4523486
Q9UF33	CHEMBL4526
Q9UFN0	CHEMBL3817722
Q9UGC6	CHEMBL4295974
Q9UGH3	CHEMBL3271
Q9UGI6	CHEMBL3381
Q9UGI9	CHEMBL3038452
Q9UGI9	CHEMBL3038457
Q9UGI9	CHEMBL4106159
Q9UGI9	CHEMBL4106162
Q9UGJ0	CHEMBL2453
Q9UGL1	CHEMBL3774295
Q9UGM1	CHEMBL2184
Q9UGN5	CHEMBL5366
Q9UGP5	CHEMBL5367
Q9UH17	CHEMBL4523487
Q9UH92	CHEMBL2062357
Q9UHC3	CHEMBL5368
Q9UHC9	CHEMBL2027
Q9UHD2	CHEMBL5408
Q9UHD8	CHEMBL4105891
Q9UHE8	CHEMBL3712956
Q9UHF0	CHEMBL3707470
Q9UHF1	CHEMBL3712972
Q9UHH9	CHEMBL4523488
Q9UHI5	CHEMBL4301
Q9UHI7	CHEMBL5209632
Q9UHI8	CHEMBL5133
Q9UHJ3	CHEMBL1764944
Q9UHL4	CHEMBL3976
Q9UHN1	CHEMBL3430903
Q9UHP3	CHEMBL4295975
Q9UHV9	CHEMBL4295976
Q9UI09	CHEMBL2363065
Q9UI30	CHEMBL4295977
Q9UI32	CHEMBL4105730
Q9UI33	CHEMBL5167
Q9UI40	CHEMBL5209635
Q9UI42	CHEMBL2644
Q9UI95	CHEMBL4524021
Q9UIF8	CHEMBL1741220
Q9UIF9	CHEMBL3108642
Q9UIG0	CHEMBL3588730
Q9UIG8	CHEMBL2073685
Q9UIJ5	CHEMBL5169204
Q9UIK4	CHEMBL3123
Q9UIQ6	CHEMBL2693
Q9UIV1	CHEMBL3616361
Q9UIX4	CHEMBL2362996
Q9UJ42	CHEMBL1777664
Q9UJ70	CHEMBL4295978
Q9UJ71	CHEMBL2176853
Q9UJ96	CHEMBL2362996
Q9UJM8	CHEMBL4229
Q9UJU2	CHEMBL3217392
Q9UJW3	CHEMBL3137291
Q9UJW3	CHEMBL3885560
Q9UK05	CHEMBL3831181
Q9UK17	CHEMBL1964
Q9UK23	CHEMBL5920
Q9UK32	CHEMBL4924
Q9UK80	CHEMBL2157852
Q9UKE5	CHEMBL4527
Q9UKG9	CHEMBL2206
Q9UKI8	CHEMBL5388
Q9UKJ3	CHEMBL4523489
Q9UKK3	CHEMBL6142
Q9UKK9	CHEMBL4105713
Q9UKL0	CHEMBL3137262
Q9UKL6	CHEMBL4523490
Q9UKM7	CHEMBL2308
Q9UKN7	CHEMBL4295979
Q9UKP6	CHEMBL3764
Q9UKR0	CHEMBL4943
Q9UKR3	CHEMBL4863
Q9UKT9	CHEMBL4739707
Q9UKU0	CHEMBL4680042
Q9UKU6	CHEMBL3886123
Q9UKV0	CHEMBL4145
Q9UKV8	CHEMBL4680043
Q9UKX2	CHEMBL4295980
Q9UKX5	CHEMBL5883
Q9UKZ1	CHEMBL4105958
Q9UL19	CHEMBL4630864
Q9UL26	CHEMBL4295981
Q9UL46	CHEMBL4295982
Q9UL51	CHEMBL1795172
Q9UL54	CHEMBL1075195
Q9UL62	CHEMBL1250411
Q9ULA0	CHEMBL2761
Q9ULC5	CHEMBL4105818
Q9ULC6	CHEMBL1909486
Q9ULD4	CHEMBL3108644
Q9ULD8	CHEMBL2363017
Q9ULH1	CHEMBL2146311
Q9ULI0	CHEMBL2176775
Q9ULJ3	CHEMBL5069368
Q9ULK0	CHEMBL4524129
Q9ULK4	CHEMBL4146
Q9ULM3	CHEMBL4296261
Q9ULM6	CHEMBL3616363
Q9ULS6	CHEMBL2362996
Q9ULU4	CHEMBL3627580
Q9ULV1	CHEMBL4523491
Q9ULV5	CHEMBL3988631
Q9ULW0	CHEMBL5389
Q9ULW2	CHEMBL4523492
Q9ULW8	CHEMBL1909488
Q9ULX7	CHEMBL3510
Q9ULY5	CHEMBL4105898
Q9ULZ9	CHEMBL2937
Q9UM07	CHEMBL6111
Q9UM11	CHEMBL4523493
Q9UM47	CHEMBL3407319
Q9UM73	CHEMBL4247
Q9UMN6	CHEMBL2189112
Q9UMR5	CHEMBL2189137
Q9UMW8	CHEMBL3407317
Q9UMX1	CHEMBL5390
Q9UN76	CHEMBL4680044
Q9UN88	CHEMBL3885575
Q9UNA0	CHEMBL2285
Q9UNA4	CHEMBL5391
Q9UNE0	CHEMBL1250376
Q9UNH5	CHEMBL1772926
Q9UNI1	CHEMBL3000
Q9UNK4	CHEMBL4281
Q9UNM6	CHEMBL2364701
Q9UNN5	CHEMBL3758063
Q9UNQ0	CHEMBL5393
Q9UNU6	CHEMBL4523494
Q9UNW8	CHEMBL3085618
Q9UP38	CHEMBL2346493
Q9UP52	CHEMBL3988361
Q9UP65	CHEMBL4834
Q9UPC5	CHEMBL3562165
Q9UPE1	CHEMBL5415
Q9UPN7	CHEMBL4105774
Q9UPN9	CHEMBL2176772
Q9UPP1	CHEMBL1938212
Q9UPS6	CHEMBL4105837
Q9UPW5	CHEMBL4523495
Q9UPY3	CHEMBL2311232
Q9UPY5	CHEMBL1075149
Q9UPY6	CHEMBL5169205
Q9UPZ9	CHEMBL1163126
Q9UQ05	CHEMBL2362996
Q9UQ07	CHEMBL4295983
Q9UQ49	CHEMBL3046
Q9UQ84	CHEMBL4523496
Q9UQ88	CHEMBL5416
Q9UQB9	CHEMBL3935
Q9UQC9	CHEMBL2364708
Q9UQD0	CHEMBL5202
Q9UQF0	CHEMBL4662944
Q9UQL6	CHEMBL2563
Q9UQM7	CHEMBL4147
Q9Y210	CHEMBL2417347
Q9Y223	CHEMBL4523504
Q9Y227	CHEMBL3313834
Q9Y230	CHEMBL2062349
Q9Y231	CHEMBL4985
Q9Y232	CHEMBL3879827
Q9Y233	CHEMBL4409
Q9Y237	CHEMBL4923
Q9Y239	CHEMBL1293222
Q9Y243	CHEMBL4816
Q9Y251	CHEMBL3921
Q9Y253	CHEMBL5542
Q9Y256	CHEMBL3411
Q9Y259	CHEMBL3112385
Q9Y263	CHEMBL6114
Q9Y265	CHEMBL3259467
Q9Y271	CHEMBL1798
Q9Y275	CHEMBL2364158
Q9Y277	CHEMBL4523505
Q9Y286	CHEMBL3603730
Q9Y294	CHEMBL3392950
Q9Y2A9	CHEMBL3325305
Q9Y2C3	CHEMBL2321635
Q9Y2C9	CHEMBL3259477
Q9Y2D0	CHEMBL3969
Q9Y2E5	CHEMBL2682
Q9Y2H1	CHEMBL4851
Q9Y2H9	CHEMBL1163128
Q9Y2I1	CHEMBL3923
Q9Y2I7	CHEMBL1938222
Q9Y2J8	CHEMBL1909487
Q9Y2K1	CHEMBL5069370
Q9Y2K2	CHEMBL6149
Q9Y2K6	CHEMBL3232682
Q9Y2K7	CHEMBL1938210
Q9Y2P5	CHEMBL5196
Q9Y2Q3	CHEMBL4491
Q9Y2R2	CHEMBL2889
Q9Y2R9	CHEMBL4295986
Q9Y2T1	CHEMBL1255167
Q9Y2T3	CHEMBL3129
Q9Y2T5	CHEMBL3297639
Q9Y2T6	CHEMBL1075322
Q9Y2U5	CHEMBL5914
Q9Y2V7	CHEMBL4105962
Q9Y2W1	CHEMBL4105820
Q9Y303	CHEMBL3217376
Q9Y305	CHEMBL4295987
Q9Y315	CHEMBL4295988
Q9Y336	CHEMBL4105860
Q9Y337	CHEMBL4447
Q9Y345	CHEMBL3060
Q9Y365	CHEMBL4523506
Q9Y375	CHEMBL2363065
Q9Y376	CHEMBL3885534
Q9Y3D0	CHEMBL4295989
Q9Y3D2	CHEMBL3509603
Q9Y3D9	CHEMBL4295990
Q9Y3Q0	CHEMBL2609
Q9Y3Q4	CHEMBL1250417
Q9Y3R4	CHEMBL3200
Q9Y3S1	CHEMBL5639
Q9Y3Z3	CHEMBL4523507
Q9Y463	CHEMBL5543
Q9Y466	CHEMBL1961788
Q9Y468	CHEMBL1287622
Q9Y478	CHEMBL3847
Q9Y496	CHEMBL5544
Q9Y4C1	CHEMBL1938209
Q9Y4D2	CHEMBL5545
Q9Y4E8	CHEMBL4523508
Q9Y4K0	CHEMBL3714029
Q9Y4K3	CHEMBL3588728
Q9Y4K4	CHEMBL4852
Q9Y4L1	CHEMBL2216741
Q9Y4P1	CHEMBL1741221
Q9Y4W6	CHEMBL4802020
Q9Y508	CHEMBL5169207
Q9Y530	CHEMBL4295991
Q9Y570	CHEMBL1293320
Q9Y572	CHEMBL1795199
Q9Y5A9	CHEMBL4295992
Q9Y5C1	CHEMBL3710485
Q9Y5K2	CHEMBL4446
Q9Y5K5	CHEMBL3407316
Q9Y5L3	CHEMBL5049
Q9Y5M8	CHEMBL4295993
Q9Y5N1	CHEMBL264
Q9Y5P4	CHEMBL3399913
Q9Y5R2	CHEMBL5050
Q9Y5S1	CHEMBL5051
Q9Y5S2	CHEMBL5052
Q9Y5S8	CHEMBL1287628
Q9Y5T5	CHEMBL4630865
Q9Y5U5	CHEMBL3712995
Q9Y5X4	CHEMBL4374
Q9Y5X5	CHEMBL5952
Q9Y5X9	CHEMBL5080
Q9Y5Y3	CHEMBL4523928
Q9Y5Y4	CHEMBL5071
Q9Y5Y5	CHEMBL3774297
Q9Y5Y6	CHEMBL3018
Q9Y5Y9	CHEMBL5451
Q9Y5Z0	CHEMBL2525
Q9Y5Z6	CHEMBL2321634
Q9Y616	CHEMBL5081
Q9Y618	CHEMBL2111363
Q9Y618	CHEMBL3885590
Q9Y618	CHEMBL3885591
Q9Y653	CHEMBL4523929
Q9Y657	CHEMBL4523509
Q9Y694	CHEMBL1955711
Q9Y698	CHEMBL4296111
Q9Y6A2	CHEMBL4523510
Q9Y6C9	CHEMBL4523511
Q9Y6D5	CHEMBL4105732
Q9Y6E0	CHEMBL5082
Q9Y6E7	CHEMBL2163185
Q9Y6F1	CHEMBL5083
Q9Y6F8	CHEMBL3879864
Q9Y6H5	CHEMBL1926494
Q9Y6I3	CHEMBL3259465
Q9Y6I9	CHEMBL4295994
Q9Y6K0	CHEMBL4105740
Q9Y6K1	CHEMBL1992
Q9Y6K9	CHEMBL4967
Q9Y6L6	CHEMBL1697668
Q9Y6L7	CHEMBL4295995
Q9Y6M4	CHEMBL5084
Q9Y6M7	CHEMBL3774290
Q9Y6M9	CHEMBL2363065
Q9Y6N3	CHEMBL2364708
Q9Y6N5	CHEMBL4523512
Q9Y6N6	CHEMBL2364187
Q9Y6Q9	CHEMBL1615382
Q9Y6R4	CHEMBL4853
Q9Y6T7	CHEMBL4105755
Q9Y6W6	CHEMBL2396511
Q9Y6W8	CHEMBL3712953
Q9Y6Y9	CHEMBL2375202
